has_profile_pic,has_header_pic,bio_length,account_age_days,follower_count,following_count,tweet_count,retweet_ratio,likes_count,lists_count,is_verified,is_default_profile,has_url,avg_tweets_per_day,Label
1,1,45,2040,6263,9414,4081,0.31717617779573115,993,6,0,1,1,4.041812726637026,0
1,1,72,2337,379,740,1893,0.14243681997918084,4607,7,1,0,1,13.05851552368291,0
1,0,79,2662,5289,2296,3566,0.40718670312392213,1771,11,0,0,1,9.839925948342692,0
1,1,60,1998,1639,794,7907,0.18515770186399738,4913,16,0,0,0,12.040254199434855,0
1,1,0,215,5,3697,24,0.716131693498595,13,1,0,0,0,0.612094332457543,1
1,0,153,1096,939,899,6607,0.17748682031051916,885,8,0,0,0,18.833506777220208,0
1,1,46,567,345,424,8052,0.4750818461517471,1036,14,0,0,0,6.394395659680746,0
1,0,117,2648,9357,10216,9218,0.23772321332798374,2331,0,0,0,0,16.411137893596532,0
1,1,126,3163,6034,4720,3355,0.4349320615732164,2153,5,0,0,0,2.597447139523465,0
0,1,35,159,70,2859,48,0.8701936658886711,9,1,0,1,0,1.6119850995503162,1
1,1,63,520,3174,2149,924,0.47962775745816855,3080,19,0,0,1,9.09667469769906,0
1,0,38,19,17,1268,13,0.9142177599369484,17,1,0,1,0,0.994023897642498,1
1,1,136,1943,7119,979,2262,0.32267282107270145,1698,2,0,0,0,15.3290598223833,0
1,1,55,2739,8265,13357,7279,0.2802493700432676,4579,15,0,0,1,11.543076619622537,0
1,1,150,776,5687,1965,5589,0.3623109207136721,2988,9,0,1,1,3.862601046217999,0
1,0,31,3134,6705,5531,9489,0.3469164304210471,2560,4,0,0,1,14.025543936766136,0
0,1,8,58,59,1241,39,0.8327636544444237,10,0,0,1,0,1.0001602365431652,1
1,1,62,3283,7983,10856,6311,0.16110017266704665,385,13,0,1,0,6.0994691370337595,0
1,1,149,2151,5768,5815,9749,0.3426878319128928,1964,13,0,0,1,19.735073360416333,0
1,1,15,77,59,2381,13,0.8934235745730456,3,1,0,1,0,1.323334519258378,1
1,1,129,1678,884,502,2205,0.3001162074712719,1188,17,0,0,0,2.28281224280333,0
1,1,46,325,60,637,49,0.7495882332910523,10,0,0,1,0,1.3953412550401503,1
1,1,20,193,57,628,16,0.846710732592286,19,1,0,1,0,0.7293413524686732,1
1,1,65,3138,2603,2362,3329,0.1591409751449535,1158,10,0,0,0,19.316107729285605,0
1,0,0,213,61,4644,30,0.8399823354091647,5,1,0,1,1,0.8077957283402475,1
0,0,5,13,81,3288,12,0.8247392502062351,1,1,0,1,1,1.4609927219175805,1
1,0,40,92,96,2204,12,0.9511039985091017,9,1,0,1,1,0.3172102105861474,1
1,1,75,3021,2707,1221,389,0.4425070614096326,2879,1,0,0,1,1.9812255958158786,0
1,0,21,1081,5151,4140,1811,0.20361568404820587,58,6,0,0,0,4.039405251619163,0
1,1,22,1577,8417,405,5597,0.40593915728799346,2253,7,0,0,1,0.7020925857699531,0
1,0,38,122,3,3664,22,0.8501431947600154,9,1,0,0,0,0.5487692104051749,1
1,0,0,108,97,1130,20,0.7287143666560485,15,0,0,1,0,1.09339482542814,1
1,1,139,3532,3923,873,4560,0.13085774963442443,4557,1,0,0,1,9.505226390459363,0
0,1,4,97,70,985,20,0.7762777482966792,19,1,0,1,0,0.6847902465917193,1
0,1,7,89,71,1770,0,0.7944755333766687,10,0,0,1,0,1.063743533010033,1
0,0,49,255,54,3024,48,0.7855871015071949,11,0,0,0,1,1.146698691270436,1
1,0,140,2229,1195,396,2509,0.20820871206873864,1511,4,0,0,0,9.054098087659453,0
1,1,62,1929,471,264,5044,0.10644985854888596,1997,10,0,0,1,8.59759803267,0
1,1,142,1115,8074,2396,874,0.29868953043927127,3232,19,0,0,0,14.747419964626111,0
0,1,0,31,39,4824,35,0.9991766604305183,5,1,0,1,1,0.010600012795210834,1
1,0,0,227,10,1316,20,0.9884476973722336,7,0,0,1,0,1.3067669969573612,1
1,1,22,330,97,1324,25,0.711019581227984,2,1,0,1,0,1.9382052602816227,1
1,1,0,276,52,4356,41,0.9813895694301682,18,1,0,1,0,0.42158620310005723,1
1,1,34,401,6437,12565,8930,0.4286586388658,4217,14,0,0,0,2.1505308406389014,0
0,1,0,166,66,3793,0,0.8586173257295306,13,0,0,1,1,0.12628058585478263,1
1,0,43,63,96,4664,42,0.7742679310839659,7,0,0,1,1,1.2134634494348728,1
1,1,74,3631,6423,2571,9443,0.2732320814408525,2616,1,0,0,0,0.8954594884646894,0
1,1,33,2830,7898,15769,3275,0.10146252453785971,3249,17,0,0,0,1.2367978786157536,0
1,0,35,118,6,1569,45,0.8633786346132248,0,0,0,0,0,0.7749329276435133,1
1,1,82,2488,7915,2463,7640,0.4391886773250362,1768,18,0,0,1,10.787492566457708,0
1,1,30,3448,2424,134,4642,0.21470675102315348,3341,12,0,0,0,15.765548050739822,0
1,1,150,3223,55,102,625,0.12121030841192432,1739,18,0,0,1,5.45724766680042,0
0,0,16,139,95,4605,21,0.77959784126664,3,1,0,0,1,1.518010565043862,1
1,1,62,3299,5037,122,1309,0.34217779412213695,854,5,0,0,1,12.008330086170009,0
1,1,0,114,31,4514,21,0.8075940343888491,9,1,0,1,1,0.27324266288405763,1
1,0,10,23,9,3349,30,0.7045913620871154,18,1,0,1,0,1.3679275387962821,1
0,1,57,1107,3138,5972,3753,0.1036662200735266,1126,13,1,0,0,1.8063263407190284,0
0,0,11,108,43,1863,29,0.9649840776756604,6,1,0,0,0,0.8542155772525126,1
1,0,22,192,80,4302,17,0.8330367509145712,14,0,0,1,1,0.9529667675565854,1
1,1,22,2322,6012,1840,6155,0.10865079698471752,329,16,0,0,1,3.6635931887412614,0
1,1,0,265,91,2425,28,0.7476036621069054,15,0,0,1,0,1.5486053658891903,1
0,1,44,61,80,2555,48,0.8791834246766291,19,0,0,1,1,0.47223306623480865,1
1,1,67,1474,8262,13560,3871,0.46926959544770597,4963,12,0,0,1,4.4920293520249786,0
0,0,0,155,1,2128,37,0.9487053197636472,7,1,0,0,0,0.5900814153083125,1
1,1,125,2963,126,157,3446,0.12138348504192727,3198,12,0,0,1,6.545663468242776,0
1,1,29,3335,7092,111,7924,0.2827755399592996,811,17,0,0,1,16.212960886185577,0
1,1,85,630,4687,6576,3248,0.16984436679290477,2144,13,1,1,1,18.7182609335456,0
1,1,68,1691,6424,10149,5296,0.49059601361769967,1230,5,0,0,1,6.1857654768186485,0
1,0,0,111,59,3230,11,0.7306637992675599,15,1,0,1,0,1.3027344219764923,1
1,0,116,3380,5588,8534,2900,0.12180371096548784,2652,1,0,0,1,11.6477381278199,0
1,0,37,75,31,3701,46,0.9041497906224139,10,0,0,1,1,0.06260462749503248,1
1,0,23,128,6,2082,37,0.8160089349962386,1,0,0,1,1,0.2250062610532635,1
1,1,68,589,9427,4777,8072,0.21407463840401914,4314,13,0,0,0,6.101206285509395,0
1,1,153,2687,5825,8478,1048,0.2991905210349573,4409,13,0,0,0,5.418351117497067,0
0,0,36,48,65,4307,7,0.9632051359398516,11,0,0,1,1,0.1331294558284457,1
0,1,0,295,87,4666,12,0.8175578119564078,16,0,0,0,0,0.838543322332044,1
1,1,89,2941,1042,991,4284,0.2010344026738897,2447,19,0,1,1,13.408411869287367,0
1,1,32,70,30,2310,43,0.8675212749207415,9,1,0,1,0,0.5073643477462775,1
1,1,156,1064,7854,1746,540,0.3899724790078477,1579,8,0,0,1,3.923805663875018,0
1,0,11,155,54,1598,20,0.8894930545248675,8,0,0,1,0,0.5505764269037203,1
1,1,133,2780,5058,7271,3049,0.12161905093989063,3516,16,0,0,1,14.771528434723042,0
1,1,23,198,5,3126,6,0.9191647410427904,9,1,0,0,1,0.9908472528079313,1
1,0,30,46,31,675,37,0.730567930261881,17,0,0,1,0,1.4967686993524627,1
1,0,49,97,26,1450,32,0.7100597304207338,1,1,0,1,1,0.20583206148829003,1
1,0,13,211,59,726,47,0.8220414402855171,6,1,0,1,0,1.8065960287514211,1
1,1,127,3548,9727,17514,1320,0.3216397121583304,3856,14,0,0,1,13.189125494509106,0
0,1,51,2212,306,251,8126,0.13251164193635512,1358,1,0,0,1,9.746123403103443,0
1,0,71,1875,4620,3644,4577,0.2364377266349607,2618,13,0,0,1,14.233051952797183,0
1,1,25,979,6251,661,4817,0.4011268104355239,2111,4,0,0,1,12.304200744912494,0
0,1,7,139,42,2004,31,0.866936861747637,7,0,0,1,0,0.6360991451018374,1
0,1,32,39,3,1801,10,0.9374229251520927,11,1,0,1,0,0.39039432914376504,1
1,1,0,289,58,3279,31,0.9537002047296315,9,0,0,0,1,0.7559880772523062,1
1,0,149,3333,3816,4976,8517,0.38416872600496477,4948,5,0,0,1,7.495737359414839,0
1,0,37,273,98,4335,17,0.887021787447832,18,0,0,1,0,1.705115563803107,1
1,1,52,3129,8669,3865,8950,0.3005789679366691,2108,5,0,0,0,2.4214767097709435,0
0,1,18,183,28,651,9,0.8603677657468926,17,1,0,0,1,0.6556763977000681,1
1,1,27,884,7089,14027,8004,0.22534776257214317,4608,3,0,0,1,6.417337720767321,0
1,0,0,318,79,715,18,0.9196674659228683,16,0,0,1,0,1.9611536003599763,1
1,0,4,305,68,4527,43,0.822555487880775,10,0,0,0,0,1.8528988471794223,1
1,1,120,1394,8881,4502,3527,0.35164544796484765,3647,12,0,0,1,3.196372789717268,0
1,0,136,781,865,1154,6802,0.3924884439492985,2681,6,0,0,1,16.76570388020991,0
0,0,40,332,41,1477,10,0.8260012222244215,18,1,0,1,1,1.8935120703474064,1
1,1,28,2371,8221,8025,3207,0.28809398384371254,3380,1,0,0,1,14.962385784788202,0
0,1,0,324,14,4566,36,0.8380007186742396,14,1,0,1,0,1.4534984483363933,1
1,1,80,2970,9484,15800,8039,0.20740003047899816,4618,10,0,0,1,10.041793575764867,0
1,1,33,2398,4334,1854,2564,0.23586424819257712,4532,8,0,0,0,10.960002470060592,0
1,1,111,2196,4706,1669,7346,0.42351977780046035,3282,14,0,0,0,7.17263491229382,0
1,1,57,1549,7452,5681,2067,0.2015523384496128,290,7,0,0,1,8.94495285031902,0
0,1,18,86,89,813,11,0.9237201348193697,13,0,0,1,0,0.6538632326761582,1
1,0,154,3166,9487,1426,6001,0.38478119522622023,3418,13,0,0,0,11.357568495276848,0
1,0,50,1731,6616,1500,4171,0.3267433733176379,2836,1,0,0,0,11.069298320354658,0
1,0,90,1792,3251,5781,3778,0.30332467771067784,386,3,0,0,1,9.28635860991429,0
1,1,45,3061,2646,1082,9334,0.47086993509439556,2588,11,0,1,1,13.391799583237729,0
1,1,59,1497,4172,4269,6821,0.15113989479738682,4994,5,0,0,1,7.190752570131684,0
1,0,14,201,25,2024,8,0.7225413345207425,16,0,0,1,0,0.8696546772074925,1
1,1,23,82,42,2426,40,0.8004367125672037,13,1,0,1,0,0.2970135632873616,1
1,0,18,248,2,2491,43,0.8616105393858142,19,0,0,0,0,1.644206321200451,1
1,1,32,2896,6906,6910,5416,0.4751012062045935,848,2,0,0,1,16.705270778589,0
1,1,52,1918,7576,1196,9220,0.47381609824874404,2023,16,0,1,1,10.791360274060727,0
1,0,5,331,94,3166,31,0.702509104563057,10,1,0,1,0,0.010626951336691892,1
1,0,132,2880,9128,6956,2532,0.22827971401652913,966,8,0,0,1,8.337024805141349,0
0,0,18,316,98,4105,10,0.9715896997031546,18,0,0,1,1,0.6786456713114222,1
1,1,134,3119,711,442,2829,0.49436906358800714,3787,12,0,1,1,7.937599203775452,0
0,0,43,228,38,4099,21,0.8179585603083767,7,0,0,1,0,1.5076594011384372,1
1,0,20,21,98,2048,48,0.7334536636963829,9,0,0,0,1,0.029386777309907686,1
1,1,52,2070,4044,5359,1836,0.1770764378771872,4001,13,0,0,1,16.638400096308487,0
1,0,116,1658,3525,3463,8315,0.4322543058744357,360,12,0,0,1,1.3469504660949305,0
1,0,29,293,8,3842,2,0.7589460900868633,16,1,0,0,0,1.11948932266735,1
1,1,27,2273,155,128,2149,0.3827162017587258,1324,17,0,0,1,6.946715794415036,0
1,1,90,3424,1228,1459,8358,0.365920017546834,1827,6,0,0,1,2.337686834306325,0
1,1,50,2497,2241,2563,6937,0.23144173579193708,4972,8,0,0,1,14.231423345796452,0
1,1,69,3237,1015,1608,9504,0.18685616161506877,3304,3,0,1,1,18.70082223326839,0
1,1,39,247,3,3886,28,0.9451384426046755,0,0,0,1,0,0.6176688480146817,1
1,1,109,2388,232,337,7946,0.17960707680599486,591,17,0,1,1,14.924211121732451,0
1,1,44,2021,7472,3075,9341,0.2941162536246862,2834,0,0,0,1,3.5654757293606076,0
1,0,30,154,13,2146,22,0.8535032326346998,14,1,0,0,0,1.0652345329100463,1
0,0,12,21,14,3414,25,0.9147474894046266,15,1,0,0,0,1.9427901880832792,1
0,0,14,122,36,623,36,0.8422019285449467,5,1,0,1,0,0.17640340757974138,1
0,0,42,143,91,3274,21,0.7984458002424195,16,1,0,0,0,1.0741648543933109,1
0,1,3,55,39,3208,46,0.7164284916466094,8,1,0,1,0,0.6669983433822884,1
0,0,22,240,28,3456,45,0.7228601138797489,5,1,0,1,0,1.8383531036711191,1
1,0,49,50,10,4063,5,0.7326679941943117,3,0,0,1,0,1.9060400423577983,1
1,1,153,1779,3083,5768,6808,0.12658925208366864,3671,0,0,1,1,15.344871398833044,0
1,0,0,214,6,4144,42,0.8473287188149495,3,1,0,0,1,0.8193421067519853,1
1,1,119,1848,5999,7770,900,0.22390583327407484,2787,19,0,0,1,10.662403657349262,0
1,1,158,2918,5591,8572,8070,0.20246035406949955,2812,2,0,0,1,13.496168823047249,0
1,1,103,886,4912,7296,5523,0.21043443539570494,1575,19,0,0,1,13.599024389310927,0
1,0,36,360,67,3983,10,0.7779714937728498,16,0,0,1,0,0.9399765363158732,1
1,0,63,3527,1109,1951,6848,0.3310943080643368,4599,12,0,0,1,8.787407188187334,0
0,1,0,256,58,1326,30,0.8719669583348775,4,1,0,1,0,0.5052920612425733,1
1,1,42,2541,6813,2438,600,0.2726640856575134,2589,0,0,0,0,5.95222793658007,0
0,1,15,101,7,3771,22,0.9148970164188046,12,0,0,0,0,1.9130027965989602,1
1,1,88,1504,9630,4899,8807,0.20631976877146904,1883,16,0,0,1,3.0203300327899085,0
1,0,11,140,69,3420,19,0.8990087602044043,14,0,0,1,1,0.441017574273296,1
1,1,74,2717,5133,8837,5324,0.23870402876802746,2119,6,0,0,1,8.954129901568512,0
0,0,0,4,94,4485,15,0.9153028473380499,11,1,0,1,0,1.7390673436299595,1
0,0,11,20,93,3190,27,0.8465486897979716,12,0,0,1,1,1.285155220647268,1
1,0,84,1184,820,1085,431,0.2555405985896466,3705,10,0,0,0,10.149154904117694,0
1,0,30,62,56,4789,14,0.8605110196134731,18,0,0,1,0,0.6473584728084874,1
1,1,141,1618,9180,9374,1385,0.48914264188413714,1935,6,0,0,1,19.878575503974666,0
1,1,89,2142,851,1253,449,0.17889706646680673,1179,15,0,0,1,2.235689830472172,0
1,1,119,2664,3982,6201,9392,0.3575082432404979,2270,10,0,0,1,12.432129652962821,0
1,1,73,2924,4779,1284,8580,0.17437345634975382,577,12,0,0,1,16.50124056701007,0
1,1,92,3055,1573,1341,6349,0.3241394697401294,1545,17,0,0,1,11.178513962748069,0
1,1,42,3039,2278,3989,3606,0.33917177072793203,1445,18,0,0,0,15.876760919161002,0
1,1,44,1248,8420,1312,5797,0.4685677339505311,469,11,0,0,1,5.320518437908098,0
1,1,30,207,79,3140,25,0.9088468435413776,11,0,0,1,0,1.592482901082737,1
1,1,125,2039,9700,13565,4187,0.3273888808627279,4069,15,0,0,1,1.6014267680679,0
0,0,0,60,9,4634,27,0.8065959245421663,12,1,0,1,0,1.7964761279064703,1
0,1,0,299,21,4891,25,0.7253696134291713,19,1,0,0,0,1.1935528399233792,1
0,1,27,195,11,694,41,0.9668729854991476,1,0,0,1,0,0.8581247386053319,1
1,0,47,27,91,1178,48,0.8707619389388283,11,1,0,1,1,0.7440871356244148,1
1,1,0,181,23,4399,2,0.7556376624029962,14,0,0,0,0,1.2146128965253424,1
1,0,68,2608,7815,8143,5008,0.2717280171416706,2854,0,0,1,1,6.986628889015846,0
1,0,32,141,26,2267,48,0.7182716629705548,8,1,0,0,0,0.6587585386041515,1
1,0,49,160,89,4172,1,0.8234123714237768,8,1,0,0,0,1.6135151275782522,1
0,0,0,354,40,3280,3,0.8744866878967581,10,1,0,1,0,1.5175525075146503,1
1,1,0,239,40,2488,12,0.8267887591040827,17,1,0,1,1,1.633558933011272,1
1,0,106,1618,1199,1583,409,0.36838988379431403,4002,16,0,0,0,12.164557688069047,0
0,1,61,597,3265,2026,3231,0.21830113384813177,3356,4,0,0,0,3.159236548074438,0
1,0,24,179,38,4624,10,0.7073933213908967,10,0,0,0,0,0.6955648060977744,1
1,1,32,667,6481,4282,7073,0.2879913738631178,882,15,0,0,1,12.795905069741897,0
0,0,18,279,27,1246,46,0.8036874980729204,18,0,0,1,0,1.316204436112984,1
1,1,156,3218,1510,1272,1528,0.43767435832963264,4524,5,0,0,0,13.610791219035864,0
1,1,47,2206,8553,4581,8540,0.3049714205506625,4939,19,0,0,0,14.602974442807923,0
1,0,24,141,21,1800,21,0.8780615707369441,8,0,0,1,0,1.6797226057334407,1
1,1,18,106,20,4659,36,0.9280482789370477,19,0,0,0,0,0.7221494526820744,1
1,0,0,334,17,2251,13,0.9400619043050737,11,1,0,0,1,0.5867068428820197,1
1,1,158,3337,5956,853,6951,0.36884202680550593,3060,9,0,0,0,4.57054470677327,0
1,1,86,1808,6146,11977,8923,0.3958431876000549,1031,15,0,0,1,5.43754589202597,0
1,1,48,2343,2720,2448,6950,0.1124378487772224,918,10,0,0,0,10.289246175795133,0
1,1,151,1006,1946,1350,4829,0.40738711826565355,245,5,0,0,1,4.3493728077455795,0
1,1,99,1053,4349,1561,1259,0.10471195051465682,2603,4,0,0,1,6.5946012186160825,0
1,0,0,172,32,2544,8,0.9728880458309777,3,0,0,1,1,1.1435447040966444,1
0,0,25,126,10,3428,37,0.9541418469081355,7,1,0,1,0,1.1193768896758798,1
1,0,0,70,66,3245,34,0.8282399584500066,19,1,0,1,0,0.013629395800256239,1
0,1,25,360,9,4747,4,0.734439078175384,15,0,0,0,0,1.3270471878269046,1
1,0,2,41,38,4368,40,0.893935027037382,18,0,0,1,0,0.277742652793034,1
1,0,108,3040,5180,4884,9572,0.15419780757153792,4588,7,0,0,1,5.819480907646993,0
1,0,0,255,71,3810,36,0.7535633986163001,0,1,0,0,0,0.48634438199890817,1
0,0,3,220,68,3618,48,0.7934239928173882,19,0,0,1,0,0.9832317502336647,1
1,1,30,1223,7925,5619,7485,0.16821521955929036,4367,16,0,0,1,11.258391254389355,0
1,1,106,1941,5074,4153,4037,0.39216650600789427,832,9,0,0,0,4.66912360792329,0
1,0,121,3267,9039,13491,3818,0.20946655396858307,892,0,0,1,0,0.6972314173862983,0
1,1,24,3030,7091,9593,8152,0.12000890676662315,1906,15,0,0,1,17.25023462512628,0
1,1,88,3550,6246,10486,5385,0.3476485600186785,348,19,0,0,1,15.032208980362604,0
1,0,0,29,84,782,49,0.7640534098932016,18,0,0,1,1,1.0844744109836966,1
1,1,41,1038,8103,10651,7796,0.14640695484920127,4162,9,0,1,0,15.193326071592507,0
0,0,27,123,64,946,34,0.8617573238540899,6,0,0,1,0,0.07989594657218868,1
1,0,54,2426,1023,1318,1520,0.2276299889282905,2822,2,0,0,0,8.31648209524284,0
1,1,11,104,13,4262,37,0.86193431857439,14,0,0,0,1,0.7677824427464228,1
0,0,37,68,89,1625,41,0.9716574376989022,12,1,0,0,0,1.1915014563779134,1
1,1,106,2743,3931,4884,5861,0.37206341870355153,4564,14,1,0,0,11.164867709253315,0
1,1,25,3580,1837,1183,1903,0.20731287821579514,1648,11,0,0,1,14.66842243361584,0
1,1,38,3073,8065,5497,6252,0.1480637034942488,4418,11,0,0,1,10.676314758977487,0
0,0,0,184,75,3858,23,0.8024275808812895,12,0,0,1,0,0.010053105219606229,1
1,1,22,2704,9678,15182,4822,0.43791669514636455,769,3,0,0,0,1.1541444925370774,0
1,0,48,247,7,3712,41,0.843070031940391,3,0,0,0,0,1.5626976812288125,1
1,1,53,809,3310,1022,6795,0.3097797577889008,4434,3,0,0,1,3.3336708985642076,0
1,1,78,1386,2353,1209,7029,0.10212566766194482,1699,1,0,0,1,4.714648340062954,0
1,0,20,61,28,4978,18,0.8326881416353406,9,0,0,1,0,1.1937037537755188,1
1,1,151,1643,6925,8805,6225,0.4444251745918878,1783,10,0,0,0,4.70818289566402,0
1,0,34,3483,8540,10001,7325,0.3082108451236655,4354,18,0,0,0,13.11961144197567,0
0,1,23,66,74,2650,37,0.8851791136291876,1,1,0,1,0,1.1096312170844513,1
1,1,25,944,9815,9734,2076,0.298222276150372,2540,19,0,0,1,4.607318584348868,0
0,0,34,51,54,1767,2,0.9579821220208962,6,0,0,1,0,1.8844035113697055,1
1,1,100,1868,1907,2794,2369,0.4880467545673729,1231,16,0,0,0,5.508185735641112,0
0,0,0,334,98,615,47,0.7489057341444658,2,0,0,0,1,1.949381192097103,1
1,1,79,3426,9017,16229,5925,0.18985551057164365,1377,6,0,0,0,15.018858713539297,0
1,1,36,1676,2900,4155,5502,0.40380805948677767,1139,8,0,0,1,15.629368771454343,0
0,0,0,190,3,1807,31,0.9637990647035422,2,1,0,1,1,0.5246859335618914,1
1,1,85,3129,9949,10763,6456,0.40932346807903885,2017,3,0,0,1,18.235587670678527,0
1,0,0,159,22,903,37,0.7319235288708533,14,1,0,0,1,0.09582773582666748,1
1,0,137,1873,1749,2748,765,0.3248443530492918,2258,13,0,0,1,16.599266785686794,0
1,0,27,115,6,3767,49,0.8886828540339652,3,0,0,1,0,0.35487908755944564,1
1,1,46,160,90,1351,23,0.9031505027148945,2,1,0,0,1,1.6412789514879107,1
0,0,15,154,17,3667,21,0.9120929462367149,17,1,0,0,0,1.4818081123041429,1
1,1,128,3204,3657,6142,462,0.33782004045801795,3901,2,0,0,1,10.836725689831267,0
0,1,0,248,27,1570,38,0.7501396034413663,19,1,0,1,0,0.15415602390292138,1
1,0,41,340,11,4682,47,0.9073167438217785,0,1,0,0,0,0.6842152417271881,1
1,0,0,340,91,1978,43,0.848553073033381,14,0,0,1,0,1.325044568707964,1
1,1,0,295,84,4328,48,0.765552950306239,9,0,0,0,0,1.6333643509014362,1
1,0,149,426,2794,4710,4775,0.2664643785624631,1214,6,1,0,0,1.8663395665631943,0
1,1,123,2233,3809,7471,2667,0.29721164180841575,3164,18,0,0,0,0.7314912600525063,0
1,1,3,197,62,1838,4,0.9986893328496651,11,1,0,1,1,1.4302003225674,1
0,1,5,271,79,4110,7,0.7477737214837793,16,0,0,1,1,1.6895664562337753,1
0,1,0,335,43,526,25,0.9204125710795077,3,0,0,1,0,1.4119124731600143,1
1,0,3,55,2,1981,18,0.8931998629717047,0,0,0,1,1,1.733987520023047,1
0,1,9,190,45,4725,42,0.7553112762036889,3,0,0,0,0,0.5773874735413997,1
0,0,30,134,17,4884,29,0.705738689931186,10,1,0,1,0,0.7085426544344313,1
0,0,24,359,72,1801,42,0.8265111803659845,12,1,0,0,0,1.828597613120998,1
0,0,53,2716,2460,2386,9832,0.11699150665272039,4006,11,0,0,1,14.235908111170213,0
1,1,40,3397,208,331,7903,0.38679010942141934,160,14,0,0,0,19.79563921026691,0
1,1,98,1081,2138,3961,6003,0.20061822125317794,2571,13,0,0,0,5.795122989034563,0
1,0,0,313,22,2382,44,0.7673807320224654,18,0,0,0,0,1.560425297071267,1
0,0,14,219,22,4257,7,0.762262280861711,14,0,0,1,0,1.545032572158808,1
1,1,45,888,7826,5291,6975,0.12772310921531793,4278,14,0,0,1,10.014053807946386,0
1,1,35,2810,2612,1874,7530,0.4559724223560392,485,7,0,0,1,6.185747006727423,0
1,1,136,721,3126,3104,4014,0.1720072180203227,3646,13,0,0,0,12.589342683525262,0
0,0,7,338,52,4493,24,0.7842803529062142,12,0,0,0,0,0.03127281348238786,1
1,1,62,789,6726,8584,4626,0.17065721194818784,4543,3,1,0,1,16.430674904188113,0
1,0,0,324,70,2762,1,0.9801933922433558,7,0,0,1,0,1.500661551639912,1
1,1,49,61,34,3237,17,0.9088061854161377,2,1,0,1,0,1.495743208184457,1
1,0,47,147,75,4163,42,0.9595887276726738,19,0,0,1,0,1.7428280683817086,1
1,0,0,38,69,3906,19,0.9019276392733651,3,1,0,1,0,1.4759018947951843,1
1,1,102,1129,6316,3829,8062,0.24598287506729008,3022,11,0,0,1,3.030363553177155,0
1,1,44,3218,5831,5883,9851,0.21394107064424547,3588,17,0,0,1,11.83664786548921,0
0,1,0,132,42,1001,25,0.7644749594160157,6,1,0,1,0,0.23295569934667415,1
1,1,78,3400,8818,1932,7700,0.47106981659980773,482,14,0,0,1,11.174424917023892,0
0,0,17,299,26,2369,17,0.7516258097357879,15,0,0,0,0,1.191359648323059,1
0,0,0,91,69,1689,1,0.9699229235226615,19,0,0,1,0,0.9990966704093425,1
1,1,25,202,34,852,6,0.8387868870217949,19,0,0,1,0,1.9752991274721157,1
1,1,66,1431,743,1444,2368,0.29402213238238606,3562,15,0,0,1,9.670625295711929,0
1,1,39,44,8,2968,9,0.9353262574010253,9,0,0,1,0,0.6433399793190973,1
1,0,122,693,8945,13783,5679,0.35921212722208573,170,3,0,0,1,17.90314733206423,0
1,1,0,237,14,3742,28,0.7686394496474867,6,0,0,1,1,1.2487080962675865,1
1,0,47,63,72,3310,18,0.9618261518698383,13,1,0,1,0,0.19306894039088163,1
1,1,121,1435,4860,193,3087,0.4464092762722499,2310,19,0,0,0,8.359255779189077,0
1,0,40,355,85,1887,23,0.7342713777761191,13,0,0,1,0,0.044938616640234796,1
1,1,39,367,6733,11784,1010,0.41917727570132,4281,12,0,0,1,2.721932754168599,0
1,1,148,735,6432,586,7478,0.3982934934725436,3246,16,0,0,0,11.218849966303276,0
1,1,70,732,1202,1582,6461,0.19136358462697545,3688,0,0,0,1,11.92500326537876,0
1,0,7,321,83,4714,27,0.7801757889380786,16,1,0,0,1,1.150710806503112,1
0,1,0,253,2,4200,42,0.9065894887923627,15,0,0,1,0,1.505276588143672,1
0,0,40,30,59,3935,33,0.8152718860412144,2,1,0,1,1,0.1977472352812708,1
1,1,60,545,305,256,1577,0.311122945423532,1777,15,0,0,1,15.390404352476093,0
1,0,11,194,59,643,15,0.7604585134018939,10,1,0,1,0,1.559033402848127,1
0,0,39,242,84,1353,20,0.741053549975907,6,1,0,1,0,0.655767988036517,1
0,0,35,144,59,1997,12,0.9000563263042803,1,0,0,1,0,0.3046591789290709,1
1,1,155,2993,6351,9345,2667,0.2210489140327555,4637,14,0,0,0,12.91234103357268,0
1,1,146,776,3831,627,3096,0.17223848316188944,1411,1,0,0,0,1.6095788697036204,0
1,1,136,1458,234,169,6865,0.23754143021703175,2665,8,0,0,1,15.17184784752961,0
1,1,136,2637,4557,5292,3420,0.3385385989987104,4361,12,0,0,1,11.824741981585353,0
0,0,0,218,16,2915,26,0.9596713660284293,13,1,0,1,0,0.6778895506968974,1
0,1,0,298,39,1344,40,0.8956706059397322,14,0,0,1,0,0.2440148271537781,1
1,0,8,145,36,4928,18,0.791470937315519,17,1,0,0,0,1.560096174080087,1
1,1,40,2864,919,1551,4933,0.22009084461655457,2501,1,0,0,0,16.473707751876482,0
1,1,42,181,70,2655,14,0.9635247589134885,12,1,0,1,0,1.184442798662881,1
1,0,0,62,87,1304,34,0.8773893363123181,2,0,0,1,1,1.6978276485321677,1
1,0,18,191,20,2855,25,0.7381599288062348,1,1,0,0,0,1.6213718559725325,1
1,1,137,2102,3395,1004,3654,0.16995357447794507,2973,11,0,0,1,13.759448346742838,0
1,0,23,148,79,3642,40,0.7657378194012402,13,0,0,1,0,0.7609637709860717,1
1,1,0,359,17,2564,3,0.821532416376357,8,0,0,1,0,0.9920854520331661,1
0,0,36,113,42,794,41,0.9632356379809506,17,0,0,1,0,1.069933346818888,1
1,1,131,2733,5262,1939,3003,0.34112301290670377,4548,7,0,0,0,8.848214610071214,0
1,1,57,3479,5818,8920,3576,0.23922814834445605,2143,5,0,1,1,11.803330291688162,0
1,1,0,294,14,749,45,0.8788245865714918,13,0,0,0,0,1.0933913641442603,1
1,1,150,2687,1413,2500,7333,0.39582529924450727,3323,17,0,0,1,6.096242589695094,0
1,0,43,1533,5650,2498,2730,0.13559021434773535,4270,14,0,0,0,7.027498870087563,0
1,1,64,3544,9068,14654,4638,0.20455892662415798,2274,3,0,0,1,16.030809505987285,0
1,0,39,924,6903,1068,7397,0.1523524554214304,3253,3,0,0,1,9.903391991577868,0
1,1,41,1593,2468,4892,6930,0.14777955358571432,2918,19,0,0,1,3.083177798667568,0
1,1,135,968,1129,1261,8082,0.4568951662152426,3107,6,0,0,1,8.86391971012735,0
1,1,44,1622,2872,158,5470,0.4045835333744635,4908,5,0,0,1,6.822892040113427,0
1,0,26,140,72,3067,10,0.7409110982402697,3,1,0,1,0,1.5488389892126067,1
0,1,40,246,17,3169,23,0.8851658748983374,11,0,0,0,1,1.9325485954963717,1
0,0,20,295,64,936,12,0.8810479288130135,18,0,0,1,0,1.4395829067093722,1
1,0,0,298,75,1856,3,0.9921401240071448,1,1,0,0,1,0.5429840050854227,1
1,1,145,519,3709,356,1879,0.2332348525353908,3398,0,0,0,1,6.531822374985347,0
1,0,5,118,99,4500,23,0.8123658661060363,4,0,0,0,1,0.6917549214757148,1
1,1,38,165,53,1322,47,0.7260775044851048,9,0,0,1,1,0.245553779325417,1
1,1,0,7,51,572,14,0.8208940536295484,1,0,0,1,0,1.9512204017198298,1
1,0,32,182,37,3235,26,0.9996677836099872,10,0,0,1,1,1.7160465420144584,1
1,0,133,2055,1791,3336,8382,0.2920431311809145,4352,0,0,0,1,5.673059237178022,0
1,0,139,946,5797,3981,9978,0.15416753992713123,2761,16,0,0,1,5.6793844244950895,0
1,1,78,1427,8538,2196,2308,0.14139002545863388,2552,3,0,0,0,10.657272762663244,0
1,0,9,19,62,1503,34,0.7230409144943264,18,1,0,1,0,1.6672880209503447,1
1,0,5,24,3,651,34,0.9400412748256228,4,1,0,1,0,0.5355849490452675,1
1,1,38,3058,7123,725,3808,0.2765097347000275,811,9,0,0,1,14.017586073267921,0
0,0,17,271,42,1443,22,0.943895721614828,17,1,0,1,0,0.3915559713670922,1
1,1,70,2903,2989,440,4667,0.1379073884138376,3825,10,0,1,0,3.410726247050322,0
1,1,27,155,52,3827,8,0.9991713699710808,19,0,0,1,0,1.9467652383296423,1
0,1,126,3644,2699,3084,3907,0.3287315084730764,657,14,0,0,0,14.110449923010465,0
1,1,75,3035,4540,8531,2680,0.2777919911911164,188,10,0,0,0,16.21487779933866,0
0,1,31,189,20,966,22,0.7174250836504598,3,1,0,1,0,1.9398197043239886,1
1,0,14,145,64,3818,30,0.791939040412846,9,0,0,1,0,1.4500121525982375,1
1,1,31,765,8041,6035,823,0.14245016742596098,2820,14,0,0,1,4.255341832941294,0
1,1,91,3539,6454,4882,9597,0.16056417757443403,4883,6,0,0,0,2.563197984702027,0
1,0,73,3011,1401,366,9730,0.1028879788014871,1072,11,0,0,1,11.111552007510365,0
1,1,82,578,7185,12556,3501,0.44947121382429955,4291,6,0,0,0,9.300060954963978,0
1,1,5,344,74,4182,22,0.8153547441118799,14,1,0,1,1,0.9683460643268149,1
0,1,7,168,8,3168,8,0.7880604377375982,16,1,0,1,0,1.4140305885451816,1
1,1,0,356,63,2566,47,0.812038778843252,16,0,0,0,0,0.12508445379473687,1
0,0,0,161,50,1729,11,0.7445029602886266,17,1,0,1,0,0.6462613141405571,1
0,1,10,111,54,4286,18,0.9977543860485913,13,1,0,1,0,0.7986651603984452,1
1,0,37,157,37,2798,45,0.9628577434808668,6,0,0,0,1,0.6154056267796877,1
1,1,130,3442,761,1359,5346,0.4307471388693448,4036,0,0,0,1,17.4206014796993,0
1,1,103,664,3676,2443,9769,0.29037067894598534,1132,12,0,0,1,6.308023293020425,0
0,1,0,328,58,2000,17,0.9235193644360661,19,0,0,1,0,1.2890933012516443,1
1,1,128,2561,4809,8146,6550,0.35850100706287624,484,10,0,0,0,9.234877134954704,0
1,1,18,98,69,2017,5,0.954075618426568,9,0,0,0,0,0.432180906370615,1
1,1,0,278,99,1109,29,0.9040335656340918,0,0,0,1,1,1.0839801497795318,1
1,1,103,907,1705,3332,9743,0.4963205423783752,2042,1,0,0,0,1.9629307334119044,0
1,0,0,69,19,4606,9,0.8027572771535629,5,1,0,1,0,1.2299005263053089,1
1,1,0,364,50,4316,6,0.8353882339087765,18,0,0,1,1,0.9326195122803402,1
0,0,5,199,14,1416,18,0.8165674303811037,0,0,0,1,0,0.02933411409252762,1
1,1,12,326,87,1863,36,0.9243515723236215,0,1,0,0,0,0.5280086999189317,1
1,0,46,184,50,3769,19,0.9482571081861451,5,1,0,1,0,0.46713472213722196,1
0,0,11,265,31,2306,11,0.9173794860542887,13,0,0,1,0,0.34699210071004405,1
1,1,0,106,61,1132,15,0.7003710039278228,15,1,0,1,0,0.7650525604880165,1
0,1,2,263,39,4077,0,0.9659507579925708,16,1,0,1,0,1.0693218461510476,1
1,0,52,1529,5624,4509,5883,0.28256537588496977,4122,9,0,0,1,10.144642528893296,0
1,1,45,156,34,605,35,0.9152907357725888,1,0,0,1,1,1.0449620810322366,1
1,0,13,44,73,1969,5,0.8658444627155046,17,1,0,1,0,1.9449227800558044,1
1,0,32,149,7,801,39,0.867343967653321,11,1,0,0,0,1.9693394790490164,1
0,0,30,237,0,3843,38,0.89713339855005,4,1,0,1,0,1.1320744209881526,1
1,1,27,1526,1935,915,3866,0.14463756990666687,4711,13,1,0,0,18.861847038961457,0
0,1,0,143,62,1836,45,0.9277746199182528,3,1,0,0,1,0.11818778015650655,1
0,0,7,6,11,3170,37,0.8535122341344102,18,0,0,1,1,0.2906533848410082,1
1,1,27,3218,8822,4276,2255,0.10462887950210811,395,7,0,0,0,0.9962192942532615,0
0,0,41,101,57,2679,46,0.8345831892863628,19,1,0,1,0,0.7830513963556587,1
1,0,52,2430,3900,1288,5744,0.26249963839076196,1419,13,0,1,1,17.56131840925209,0
0,0,21,254,24,1269,34,0.8791140750687074,17,0,0,1,0,1.4490337027972362,1
1,1,31,118,44,4756,16,0.8912659793410689,19,1,0,0,0,1.9822528636426073,1
1,0,0,63,10,891,34,0.9370526621593617,4,1,0,1,0,1.726206851751187,1
1,1,98,2498,157,206,5643,0.3550811404167715,2461,1,0,0,1,16.98189838413443,0
1,0,3,76,19,3892,20,0.7673148939399386,0,1,0,0,0,1.296595054597603,1
0,0,44,210,90,917,26,0.8356653822669421,10,0,0,1,0,0.3527739730124466,1
1,1,143,2355,3994,1204,648,0.24141954168173485,4299,1,0,0,1,8.957090195585712,0
1,1,49,1770,8772,8808,6669,0.21005110295043683,3739,4,0,0,1,11.852524354820476,0
0,0,0,356,13,1174,24,0.9208601275182287,5,0,0,1,0,1.449712998630034,1
0,1,0,360,64,785,20,0.727878743313817,17,1,0,1,0,1.6521352605050568,1
1,1,55,2825,7535,5223,7522,0.18860042034154112,1247,17,0,0,1,12.783449829194561,0
1,0,0,211,11,1816,41,0.7314424194992716,15,0,0,1,0,0.915399210318588,1
1,1,0,147,25,3167,43,0.9263863664795775,5,0,0,1,0,1.044888290810929,1
1,1,69,1530,3357,6002,3699,0.48839087663565883,3203,11,0,0,0,18.502572299507705,0
1,1,157,2185,8225,4697,7859,0.4478465830929047,2983,4,0,0,1,0.8412151727540778,0
1,0,24,265,2,4365,7,0.8557245355408654,5,1,0,0,0,0.7603912375717141,1
1,1,128,2691,8416,6606,1872,0.44740258827415647,4810,15,0,0,1,19.13930276730739,0
1,1,58,2299,5576,5272,803,0.3967330854914639,2689,15,0,0,0,18.642149829079827,0
0,1,47,268,73,507,23,0.8070012922425294,8,1,0,0,0,1.2853493153448472,1
0,1,0,149,79,3433,20,0.9978894388357902,4,1,0,1,1,1.0461956883402976,1
1,1,116,1483,5114,3497,8365,0.19188092614485375,4903,12,0,0,1,10.879935095039242,0
1,1,40,84,5,2182,4,0.9951932943879485,0,1,0,1,0,0.4262094080501666,1
1,1,151,401,288,231,7856,0.4775096481379265,1475,1,0,0,1,12.96626171697642,0
0,0,6,202,38,2476,16,0.7634344020989634,11,0,0,1,0,1.3582046382889792,1
1,1,42,93,12,3760,30,0.7398784128123947,2,1,0,1,0,0.2752594687967227,1
0,0,0,66,72,1602,12,0.8989932128512006,15,1,0,1,1,1.87742927074807,1
1,0,28,2500,7906,12303,6289,0.4978236562438959,1805,13,0,0,1,17.289672015506266,0
1,1,130,2201,2416,1815,6706,0.4160977903604589,585,7,0,0,0,12.715762680448172,0
1,0,0,26,98,2341,24,0.8834541132597041,6,0,0,1,0,0.14188183399985532,1
1,0,40,124,48,1087,20,0.8251492836927106,11,0,0,0,0,0.12441018305138196,1
0,1,50,797,2957,3667,9290,0.3038904301152719,4744,18,0,0,0,15.248046891115735,0
1,0,95,3129,261,464,8269,0.4424614487978641,991,15,0,0,1,2.472729582455513,0
1,1,58,3080,3179,1281,4744,0.46731401415198315,4444,14,0,0,0,6.874418629584327,0
1,1,145,539,1880,2910,3192,0.48626126990656493,4723,6,0,0,1,8.993988581247827,0
0,1,148,1319,8333,12072,8145,0.4324145253090742,4339,17,0,0,1,18.560087445254428,0
1,0,34,184,33,2087,24,0.9076033767839964,7,0,0,1,0,1.1552635086888452,1
1,1,14,205,42,4323,10,0.7227589984325992,15,0,0,1,0,0.36013454469859707,1
1,1,73,2448,3309,2140,4634,0.14186417613859248,1899,18,0,0,0,13.04686451558795,0
1,1,22,2438,1840,412,6369,0.4435729397298911,860,16,0,0,1,12.785364272067135,0
1,1,57,1536,9909,15931,6214,0.3778167896149096,4676,3,0,0,0,3.9164460770187803,0
1,1,85,3411,1519,2004,7181,0.29886152635314867,4699,19,0,0,0,18.68659148815277,0
1,0,46,65,80,1997,14,0.8520017946948237,3,1,0,0,1,0.24876566248264864,1
1,1,58,3305,2473,3801,5509,0.29608878986149634,3510,14,0,0,0,14.875939706371621,0
1,1,135,1570,3013,3805,4138,0.15350427803080088,2938,3,0,0,1,8.262699975606502,0
1,0,112,2144,8954,9796,6639,0.4887803381039223,1959,19,0,0,1,2.563107008770728,0
1,1,111,414,8634,15879,5592,0.1844632149727708,4945,0,0,0,1,0.7917433659978639,0
1,1,91,2623,9540,8259,2173,0.27411708967505366,1969,17,0,0,1,9.132527188365,0
0,0,19,4,41,1365,41,0.9135333834972849,3,1,0,1,1,1.524424116628354,1
1,1,26,254,98,3683,24,0.8990505307324167,17,1,0,1,0,0.8968482859724947,1
1,1,81,1642,8134,13353,7665,0.15068509409369557,2267,17,0,0,0,7.039095647790101,0
0,0,49,179,33,3103,14,0.7091061416599013,17,0,0,1,0,0.267556289987936,1
1,1,120,1236,4634,4747,4518,0.2929972242110652,3441,18,1,0,0,10.101834304484546,0
1,1,6,209,96,2621,46,0.7899692778983608,11,1,0,1,0,1.5186217103004105,1
1,0,0,231,94,4289,5,0.9053878582794899,16,0,0,1,0,0.2525422742154637,1
0,0,0,17,36,2122,41,0.7420055615981347,5,0,0,1,0,1.330073349092511,1
1,0,0,47,0,4915,37,0.8743714664267837,10,0,0,1,0,0.10364707364485382,1
1,1,21,2776,8700,171,5646,0.269015752089542,1898,16,0,0,1,11.981800268046353,0
0,1,0,148,18,4054,46,0.8660137048380122,1,1,0,1,0,1.352052576105095,1
1,1,32,313,85,3004,28,0.8377567701197686,12,1,0,1,0,0.23510260030043995,1
0,1,0,225,74,1871,31,0.7882202386530333,9,0,0,0,1,0.20568518431495342,1
0,0,23,101,29,4234,15,0.7995994882713295,6,0,0,1,1,1.45505846045019,1
1,1,32,82,76,3529,11,0.7239145219561854,4,0,0,1,0,0.25223064475082113,1
1,0,46,138,81,2073,18,0.8480502976463224,12,1,0,0,0,1.485762987335878,1
1,0,48,52,11,4081,38,0.8491745517677156,16,0,0,0,0,1.2191286679597937,1
0,1,12,167,85,843,46,0.8537507946310995,9,0,0,0,1,0.4027275642719488,1
1,1,12,44,97,2656,26,0.8206081650664722,7,1,0,1,0,6.143769076483174e-05,1
1,1,57,2456,2683,4699,7508,0.48919095216812203,4496,17,0,0,1,3.502495530004667,0
1,1,91,1352,1356,1009,472,0.3014767044949779,1394,3,0,0,1,14.896762454327,0
1,0,13,349,85,4406,9,0.7403305388224365,15,1,0,1,0,0.42140992773440633,1
1,1,96,2641,5805,7205,3681,0.14620234646258648,4087,6,0,0,1,1.6962055524354265,0
1,1,73,1037,3157,5469,1100,0.3011134843087887,4828,1,0,0,0,3.895130326898082,0
1,1,23,3266,9218,18147,5691,0.11142836708960419,4113,6,0,0,1,18.437483215545583,0
1,0,66,1339,8470,10030,3385,0.1623406146205774,370,17,0,0,0,14.213961053823883,0
1,1,113,1174,6277,9380,4964,0.42334312899922955,3334,19,0,0,0,18.686474029098616,0
1,1,69,1328,3013,1076,7445,0.16058304896016581,1243,14,0,0,0,13.535845572444165,0
1,0,31,326,40,1185,43,0.7406062246833056,19,1,0,1,0,0.565491379157524,1
1,0,102,1051,3720,1689,5095,0.2918076948445415,4368,8,0,0,0,9.221822879063879,0
1,1,95,2737,6217,1992,5890,0.3877839870679888,847,17,0,0,0,1.602055970536768,0
1,1,45,749,6747,155,3424,0.4235434156134261,3251,16,0,0,0,6.403968348539788,0
0,1,158,1156,269,385,7721,0.13105275409991807,4462,13,0,0,0,13.083731875083526,0
1,0,31,94,44,3840,4,0.7290897012896274,17,0,0,0,0,0.22472896389797126,1
0,0,44,172,31,1185,48,0.8937432437965618,2,1,0,1,1,1.693028677380556,1
1,0,12,274,18,1369,17,0.9943533510286884,3,1,0,1,1,1.8874031856404416,1
0,1,84,452,3825,3259,812,0.19839989612271808,4746,14,0,0,0,14.893939719412948,0
1,1,108,2122,5315,9809,5017,0.24812807018020888,3102,8,0,0,0,0.8277419565122787,0
1,1,37,1458,1390,1461,691,0.34553837800308973,2553,12,0,0,1,12.681663053428855,0
0,0,25,220,64,4923,46,0.8094467410623396,10,0,0,1,0,1.4034765477545144,1
0,0,0,90,47,1707,38,0.9255475437870043,7,0,0,1,0,1.717012909103109,1
1,0,44,177,28,4658,42,0.8896792863758591,17,0,0,1,1,0.9179779760340261,1
0,0,0,310,85,3220,9,0.9327414207378868,17,1,0,0,0,1.7650669716392,1
1,1,147,2099,4097,6909,4763,0.46360223553428126,4676,9,0,0,0,4.003198750129167,0
1,1,85,1279,1546,1944,2095,0.2246604402438607,542,19,0,0,0,9.247958430178603,0
1,1,16,1,9,2014,15,0.9526496129951143,16,0,0,1,1,1.5929687786591615,1
1,1,7,335,93,2584,28,0.9366420945612233,19,1,0,1,1,0.3327551738645447,1
0,1,5,103,65,589,45,0.9079581822468042,14,1,0,0,0,1.903099948710654,1
1,0,0,192,24,2561,7,0.8190265169366587,1,0,0,1,1,1.0601249101034649,1
1,1,83,1119,5889,9061,3835,0.1028367251097484,2263,18,0,1,1,14.969437811655325,0
1,1,8,5,74,3901,12,0.7814651365532457,13,1,0,1,0,1.3395089024364957,1
1,1,36,361,67,3586,24,0.797119247683127,2,0,0,0,0,1.2831371333699888,1
0,1,42,108,65,810,34,0.961029662170279,12,0,0,1,1,0.14005941149494205,1
1,1,126,1475,8432,16545,486,0.49745417939717684,4764,19,0,0,0,9.592908304647002,0
1,1,28,26,46,3859,9,0.8764791270909793,16,0,0,1,0,0.6257097130111751,1
1,1,0,237,52,810,36,0.7356127286527334,12,1,0,0,0,1.1896947590038192,1
1,1,96,2878,518,215,9728,0.4333565256418417,2863,18,0,0,1,1.2469956033733964,0
1,1,52,2742,7827,14947,9141,0.15114152716347823,4036,14,0,0,1,12.370787340026283,0
1,1,84,2747,2771,3331,7108,0.10923419222070807,1550,0,0,0,1,9.262189523785521,0
1,1,131,3520,7787,7410,2499,0.21614728499440822,2249,12,0,1,1,5.237434552897357,0
1,1,126,3321,589,1091,6560,0.2733003729236112,1666,14,1,0,1,4.003310833818497,0
1,0,83,3488,6202,5428,3721,0.3960071200632852,3523,18,0,0,1,1.2813471837912,0
0,0,4,158,67,645,36,0.7126279568909085,0,0,0,1,0,0.7686532943193634,1
1,1,0,137,61,4248,32,0.7359596102001048,11,1,0,1,0,1.0375812434867322,1
1,1,25,168,79,4889,12,0.8855830867281816,15,1,0,1,0,0.26601959781465756,1
1,1,33,1467,6667,8724,1276,0.17666852753210974,2154,10,1,0,0,17.03996100678146,0
1,0,0,90,7,3245,49,0.7797813774892717,4,0,0,0,0,0.06463190221930093,1
1,1,11,54,2,3203,22,0.7136339141024374,11,1,0,1,1,0.9113135055714259,1
0,0,23,293,67,4297,25,0.973879301432407,3,1,0,1,0,1.0860428617335283,1
0,0,30,104,98,2355,41,0.8972680938334069,9,0,0,1,0,0.37604946923083227,1
1,0,13,218,60,3552,25,0.9145966931587407,11,1,0,1,0,1.3110199436922252,1
1,1,69,3450,4996,3514,9601,0.15061778348536325,346,3,0,0,1,18.584745311413865,0
1,1,87,2857,3322,2855,6845,0.2727674124583315,1432,16,0,0,0,10.409291723707282,0
1,1,119,2890,1999,224,2019,0.1504678360594947,1590,18,0,1,1,1.69532649175986,0
1,1,0,301,95,817,28,0.971954115833374,2,1,0,1,0,1.728985760614697,1
1,1,2,207,55,1801,2,0.8904719977459488,18,0,0,0,1,0.38025753263741136,1
0,0,43,21,67,1189,32,0.9315573178544864,5,0,0,0,1,1.0966411674528485,1
1,1,2,71,95,2297,19,0.9608949054436513,10,0,0,1,1,0.3636353056746775,1
0,1,0,79,2,1483,39,0.8179365394621237,19,0,0,0,0,0.5112781875907231,1
1,1,32,3251,6908,12403,5188,0.3853829441736176,3357,4,0,0,1,7.991786606056561,0
1,1,87,2692,4320,3911,5093,0.25311713243196376,981,5,0,0,1,6.883845262250285,0
1,1,131,1194,9472,10886,5503,0.45860170038359793,2967,8,0,0,1,6.82880513975306,0
0,0,0,220,13,1131,9,0.7815849178385893,9,0,0,1,0,0.9751423873467686,1
1,1,0,275,81,4303,27,0.9194686358683402,0,0,0,1,0,0.3624511220994191,1
1,0,35,1920,8852,16304,3471,0.1809870168383,2192,1,0,1,1,14.587451748937056,0
1,1,55,1805,375,258,8440,0.4386137972493621,2681,4,0,0,1,17.673035019727894,0
1,0,48,3192,9917,9943,4277,0.17974005157787454,3891,16,0,0,1,7.3205629094540265,0
0,1,124,1277,8705,596,1563,0.15634744158034453,4303,11,0,1,0,19.029118514375888,0
1,0,49,90,5,2235,23,0.8216268475417464,4,1,0,1,1,1.3445013745883894,1
1,0,54,3309,3650,6241,6355,0.45462564505246084,366,0,0,0,0,3.9755454287758774,0
1,1,33,3352,9099,7714,1345,0.443155674098496,587,12,0,0,0,2.7823789177733596,0
1,0,37,290,56,2980,22,0.7136209844406077,19,0,0,1,0,1.0934010411135366,1
1,1,51,702,5872,4049,6133,0.4658778241348228,186,2,1,0,1,1.5144632230742143,0
1,0,31,91,17,4559,34,0.8699815776716389,2,1,0,1,0,0.021622167270392678,1
0,0,29,147,19,3411,6,0.7523099287014974,0,1,0,1,1,0.2750418882919865,1
1,1,33,286,12,997,28,0.9124365504701877,17,0,0,1,1,0.09090500087159192,1
1,1,104,1204,4007,102,9343,0.35963224080755374,1987,2,0,0,0,18.37772827245814,0
1,0,0,337,96,4435,7,0.7187372780857214,5,0,0,1,0,1.2531850221864205,1
0,1,7,154,13,4760,20,0.7769590187332743,2,0,0,0,0,0.9278649733766724,1
1,1,70,2832,2015,2199,5940,0.3752455505044222,4876,0,1,0,1,3.860080827300267,0
1,0,48,116,62,2800,20,0.7572733093451037,0,1,0,1,0,0.7893829336189444,1
1,1,0,356,29,544,18,0.9091491076413941,12,0,0,1,0,1.7721722176270327,1
1,0,89,2350,673,1247,4214,0.17096378804847295,4001,1,0,0,1,18.706738669592234,0
1,1,71,3120,5101,9845,1906,0.2909952201849711,4197,7,0,0,0,8.966638543287656,0
1,0,38,14,71,4016,14,0.947087083224692,12,0,0,0,0,0.033512608984764825,1
1,1,15,294,79,1857,28,0.8027773248433395,14,0,0,0,0,1.8761282791362626,1
1,1,21,3128,6038,3945,7006,0.22122630447004066,3342,1,0,0,1,12.021892214204733,0
1,1,79,365,3678,1119,8028,0.23097622518162667,2580,3,0,0,1,9.59467553852742,0
1,0,23,142,34,1955,44,0.8422865261293782,16,0,0,1,1,0.09899370698733323,1
1,1,141,689,7052,4637,2435,0.3566318724973577,3035,15,0,0,1,15.390259808216266,0
0,0,0,318,56,771,43,0.9952250407597885,9,1,0,1,0,1.475164603177783,1
1,1,109,2644,5164,8748,9296,0.22447789512160368,394,11,0,0,1,11.85182365488747,0
1,0,11,184,14,3728,7,0.7449752282046321,14,1,0,1,1,1.2822952657705946,1
1,1,45,1598,293,191,5856,0.37972516846212157,2065,5,0,0,1,16.448087936589232,0
0,0,0,213,60,636,5,0.8660113569249315,2,0,0,0,1,1.3538815659936747,1
1,1,49,837,5330,8371,5258,0.42959215566282616,639,16,0,0,1,2.0385856750784206,0
1,0,12,130,35,2560,14,0.7598036468413549,0,0,0,0,0,0.4816076321463465,1
1,0,9,63,62,1267,34,0.8103278052631868,13,0,0,1,1,0.022062528857294428,1
1,1,17,360,48,4922,0,0.7929810778805833,18,0,0,1,0,0.9364636568827587,1
1,1,40,3262,118,198,3698,0.4384775464617494,893,4,0,0,0,9.160203600920426,0
1,1,10,14,13,3325,11,0.7578611706068843,13,1,0,0,1,0.24260599601106825,1
1,1,9,21,29,4864,33,0.7497864685887354,5,1,0,1,0,0.02521503995151808,1
1,0,7,266,97,707,1,0.786238499469175,9,1,0,1,0,0.15395893412993256,1
1,1,32,237,33,4476,23,0.979242189194947,3,1,0,1,1,0.10439725808994327,1
1,1,1,323,98,4015,11,0.9181055581042401,19,0,0,1,0,1.3246358270791647,1
0,1,0,55,99,2427,28,0.9369095521427437,18,1,0,1,1,0.45690948266259745,1
1,1,107,1571,9728,16303,3181,0.32467255574584414,2341,10,1,0,0,14.614154144295204,0
1,1,150,3038,7389,4257,8611,0.11847859328065154,1605,15,1,0,0,13.42576585887598,0
1,1,71,3433,544,241,7353,0.4863355100233321,3106,13,0,0,0,17.263478179496268,0
1,1,70,2516,7814,15177,4621,0.10600901679222652,4995,9,0,0,1,10.311104317592235,0
1,0,0,178,22,4423,22,0.7089920769618033,12,1,0,1,0,1.3468648666498346,1
1,0,42,314,21,909,2,0.7122262318277418,9,1,0,0,0,0.4942064680202929,1
0,1,37,353,64,1910,41,0.8735625454610594,8,1,0,0,0,1.0209202626928826,1
1,1,102,3461,5204,1155,3183,0.36099389136246307,3725,0,0,0,1,6.891538513903768,0
1,0,0,111,85,4507,48,0.8693375627567923,9,0,0,1,1,1.2151104445871457,1
1,1,34,1054,6138,5597,4782,0.3506574733247033,3801,1,0,0,0,7.8312182379929425,0
1,0,40,1846,8747,7161,2304,0.4146610064305387,1646,4,0,0,0,13.593431610357046,0
1,0,0,190,86,1435,12,0.9872894938817764,2,0,0,1,0,1.0977456030851995,1
0,0,8,97,4,3116,27,0.8213582156721608,0,1,0,0,0,1.355081891007068,1
1,0,0,105,98,1010,0,0.7041015894480992,5,1,0,1,1,1.9932736741478108,1
1,0,14,215,29,3471,33,0.7512809207262544,15,0,0,1,1,0.16825532451876568,1
1,1,13,281,39,4865,25,0.9898730232120394,15,0,0,0,1,1.5079238071935679,1
1,1,148,763,6763,9443,3095,0.29624387532469576,1757,3,0,0,1,2.666395572496815,0
1,1,154,3577,8458,2855,1621,0.31343589204416344,771,7,0,0,1,15.415280123223276,0
1,1,28,1762,9054,7332,5714,0.26734521537151723,3387,7,0,0,1,5.372415572529622,0
0,1,4,251,40,3024,8,0.8036025856734663,5,1,0,1,1,1.4023397231805195,1
1,1,39,78,15,3910,33,0.9810173667560471,13,1,0,1,0,0.2163100291467135,1
1,1,54,2679,615,416,3983,0.32427779255027206,74,15,0,0,0,17.592929570379994,0
0,0,33,114,48,1491,35,0.7116814050062996,14,1,0,1,0,1.2492280962290632,1
1,0,9,26,46,3576,25,0.8223244315008197,5,0,0,1,1,1.1243776221290502,1
1,1,47,634,3734,6981,6320,0.44773604316294213,3825,8,0,1,1,5.617976072313326,0
1,1,0,310,32,4759,30,0.8461185756456807,13,1,0,1,0,1.0051321529268848,1
1,0,40,108,60,2439,49,0.9960078941071484,8,0,0,0,0,1.2800059336738274,1
1,1,29,2901,9028,14832,454,0.35255097455817175,1532,15,0,0,0,15.902771890060935,0
0,1,18,335,29,3677,16,0.9848561870972926,3,1,0,1,0,0.5164887765979167,1
1,0,18,12,12,2289,42,0.9416946416090026,16,1,0,0,0,0.17983248971940458,1
1,0,47,694,2575,569,3930,0.2557547418670769,4612,16,0,0,1,18.78175674181187,0
1,0,4,196,12,4213,4,0.7209794817128302,7,1,0,1,0,0.46165837830802414,1
0,1,16,193,91,1380,38,0.8907732297129215,16,0,0,0,0,0.3775880555468889,1
1,0,28,109,56,3080,25,0.8539525246846107,12,0,0,1,0,1.8239191683992664,1
1,1,102,1162,5819,9576,986,0.27544457437585745,2308,19,0,0,0,5.710592961978445,0
0,0,0,222,66,2166,44,0.8219670351424313,15,1,0,1,0,1.1175318892487953,1
1,0,0,277,47,4487,7,0.9547670231482533,16,1,0,1,0,0.735431606118867,1
1,1,101,2978,6039,6995,4207,0.3181826781569968,1592,13,0,0,0,11.118360211637908,0
1,1,22,3190,2469,1075,5108,0.11790057357049527,2620,15,0,0,0,6.540423625786617,0
1,0,35,2209,3464,5515,2658,0.21842553628503436,1312,4,0,0,1,11.885851555754945,0
1,1,0,157,77,678,4,0.9297575931654226,17,1,0,1,0,1.3434177184881215,1
1,1,45,1509,7784,14941,3353,0.17342564568677316,816,9,0,0,0,2.909546504330735,0
1,1,122,2307,2851,1357,464,0.3505037098649707,954,12,0,0,1,11.646740020542726,0
1,0,0,283,65,2040,28,0.7254513142255575,18,1,0,1,0,1.6255991345150052,1
1,1,0,35,45,2503,48,0.830554119776607,4,1,0,0,0,1.4558786139475304,1
1,1,0,241,4,2795,32,0.9873802363170312,1,0,0,1,1,1.9246204059755685,1
0,1,145,1131,3804,3755,5391,0.3070714672923829,3366,15,0,0,1,13.027318173667258,0
1,0,94,1525,6300,6077,7141,0.1350298251944953,3590,18,0,0,1,3.6966685585874535,0
1,1,52,1933,632,1112,1283,0.28383981985528944,1496,5,0,0,1,6.385775887411455,0
1,0,106,3451,607,990,1756,0.13769722656181027,856,16,0,0,0,15.208505494186713,0
1,0,0,79,20,1400,0,0.7970501184734421,17,0,0,1,1,1.9191532886420668,1
0,0,16,28,10,2753,38,0.7173196477675351,18,1,0,0,1,1.2326009718514481,1
1,1,105,1853,8464,15348,5873,0.44059567265861865,1935,11,1,0,0,6.191409952209795,0
1,1,157,1203,9560,17361,2970,0.187079919542893,3797,4,0,0,0,10.72414129763236,0
1,0,69,2440,7486,2614,7801,0.13477582427690168,150,6,0,0,1,5.644218461453972,0
1,1,0,233,98,2182,47,0.9539983426714918,19,1,0,1,1,1.7018568975350254,1
1,0,27,352,4,2018,21,0.7765919574185295,0,0,0,1,0,0.03503198172412447,1
1,0,21,13,44,3186,41,0.9377784439627403,19,1,0,1,0,0.9166471891751509,1
0,0,42,327,25,2679,22,0.8429007199903296,14,1,0,0,0,0.37227179550669587,1
1,1,35,2411,6816,6067,7305,0.42229875687124807,3967,10,0,0,1,9.72114678310563,0
1,1,87,3337,8872,11959,7564,0.4917679492551409,1698,0,0,0,1,17.85433444056029,0
1,1,12,213,87,1654,11,0.8005624142112617,15,0,0,0,0,1.4381548947077112,1
0,1,21,73,94,1939,40,0.9127181558352749,7,1,0,1,1,0.6789003850856121,1
1,1,143,1791,9457,8955,5968,0.3615976885680994,1088,9,0,0,1,13.940946763903824,0
1,0,31,960,8284,7731,7326,0.3709202745342638,2160,10,0,0,1,18.69501423478983,0
1,1,4,161,49,1394,41,0.7266520735262693,0,0,0,1,0,0.8079557526530965,1
1,1,37,316,45,1189,47,0.7969082037262282,13,0,0,1,1,0.872839197459186,1
1,1,66,3019,4716,1090,7920,0.4269649821076442,4507,0,0,0,0,0.641819750033181,0
1,1,159,3279,4237,8160,8165,0.18310825177589135,1944,9,0,0,0,1.2864381405045033,0
1,0,30,1313,638,107,6203,0.2679754741392953,3102,2,0,0,1,1.900384383396356,0
1,0,150,2258,4811,4450,307,0.36773934030511846,1933,6,0,0,1,6.641197935449183,0
1,1,133,3404,6279,6658,8890,0.32071171349027816,2800,3,0,0,1,9.438352263203884,0
1,1,65,920,7179,12665,7966,0.279870790873488,540,7,0,1,0,14.488769094227981,0
1,1,144,1326,7554,5637,3133,0.17934258729973324,2181,5,0,0,0,13.243034175135827,0
0,1,18,5,32,4969,0,0.8441110245599064,14,0,0,1,1,0.7859788979577182,1
1,1,61,566,7661,11309,4659,0.1616302929892334,4943,13,0,0,0,18.723471142003465,0
1,0,43,277,27,1214,33,0.8159046729544946,7,0,0,1,0,1.0368160438904082,1
0,1,124,1987,3565,6959,4414,0.18091087243626758,2065,16,1,0,1,19.207907160545478,0
0,1,0,24,33,1093,18,0.7809462160384643,18,0,0,1,0,1.3908312966561065,1
0,0,44,298,98,762,15,0.9451666600603648,19,1,0,0,1,1.9308387025775873,1
1,1,119,2046,8603,9344,7381,0.3884218643591487,4777,9,0,0,1,3.3488830280557442,0
0,0,13,259,49,4863,0,0.8655720516323456,4,1,0,1,0,0.26803045690128147,1
1,0,138,785,2932,2260,3165,0.3743417969605968,3934,15,0,0,1,15.251314737388041,0
1,1,94,2671,8631,4621,5225,0.32527923697926453,197,1,0,0,0,15.828962608849587,0
1,1,66,494,858,451,5173,0.22235792530460796,107,9,0,0,0,7.54371315002833,0
1,0,123,652,6495,10493,1693,0.47891372923590714,4995,17,0,0,1,6.6998169292830445,0
0,0,7,201,71,1778,34,0.8651053836516253,13,1,0,1,1,0.6459793663537368,1
0,0,16,23,24,776,23,0.9367878544959056,13,1,0,1,1,1.264433195507898,1
1,1,90,3138,8407,2945,7964,0.3974177078549178,4244,17,0,0,0,11.72226986014665,0
1,1,74,3392,4432,5169,3339,0.2881389034852535,3764,4,0,0,0,12.858691271093386,0
0,1,33,128,72,3698,0,0.9537764319033196,1,0,0,0,0,0.15529866934321013,1
0,1,0,108,4,1376,31,0.8594063894704443,14,0,0,1,1,1.9517041589250692,1
1,1,68,1352,5361,5410,2065,0.1271704816891305,1489,7,0,0,1,18.924291333904378,0
0,1,3,338,19,3776,14,0.8497596840523995,4,0,0,1,1,0.8475402398618468,1
1,0,141,508,9697,6698,2515,0.19833533507220708,3166,2,0,0,1,5.618446866971296,0
1,0,34,124,35,3979,26,0.8900235220726381,13,1,0,0,1,1.153762402622417,1
1,0,37,54,51,1159,31,0.8578835381014608,17,1,0,0,0,0.579940237887218,1
1,0,18,133,34,1232,42,0.9117494451636083,14,1,0,1,1,1.7337374106216827,1
1,1,107,3588,5203,7632,7466,0.26584802495859117,1908,14,0,0,1,0.9869325584655583,0
1,0,0,39,50,4562,13,0.7144276931236105,9,0,0,1,0,0.5435730321602583,1
1,0,0,68,33,4650,9,0.8370191778657521,8,0,0,0,0,0.5094974146734377,1
1,1,135,1327,1595,1376,3340,0.27323044103471705,3838,9,0,0,1,6.632294399396955,0
1,1,87,1948,5498,7289,5486,0.3498389006080618,3241,5,0,1,1,15.11010844674811,0
1,1,29,1704,8770,5492,9621,0.23400342798307833,1803,16,0,0,1,13.935499707277081,0
1,1,35,1465,4556,832,4076,0.18809755096114422,1434,12,0,0,1,8.519421770337948,0
1,1,41,219,22,1966,26,0.8169278162279476,13,1,0,0,0,0.25769742400050966,1
1,1,35,3138,3885,7735,1143,0.3014307585354366,864,18,1,0,0,7.0715544310765415,0
1,1,55,2507,6232,3132,1648,0.35216037041439985,417,0,0,0,0,18.62097270787328,0
1,1,77,929,9959,13493,3770,0.42367792146269656,4807,4,0,1,0,0.8737738067370666,0
1,1,40,476,3942,782,1261,0.23905403479048057,210,17,0,1,0,17.74768242848034,0
1,0,156,2040,2858,3290,7820,0.39292167688778634,3388,7,0,0,1,4.018264530586723,0
1,1,121,617,7051,5161,9421,0.4068682873796243,351,3,0,0,0,14.994242266869495,0
1,1,34,2138,6701,8408,6574,0.316881755487726,3253,2,0,0,1,18.893068525265893,0
1,1,25,11,9,2820,39,0.8795594727053097,8,0,0,1,0,0.7773055972596941,1
1,1,158,2976,7050,5748,2160,0.1661603618005436,2437,0,0,0,1,11.802412534951536,0
0,0,0,190,6,899,32,0.8528266384449369,6,1,0,1,0,0.6125072415732233,1
1,0,132,1476,6441,8467,822,0.374770966709721,3724,2,0,0,0,8.439887902678068,0
1,1,113,2883,155,273,4455,0.33117989633913714,3980,3,0,1,0,15.25068678916687,0
1,1,72,3308,7420,11798,4891,0.3881664276369372,2415,17,0,0,1,11.892383382218503,0
0,0,0,319,85,616,1,0.9392677301911565,10,1,0,1,0,0.14489377558911776,1
1,0,0,355,71,1409,12,0.9843064077893413,1,0,0,1,0,0.5991313559077478,1
1,1,80,1826,1467,1387,1218,0.3619103005137041,710,11,0,0,1,12.734232828659005,0
0,0,0,155,16,4955,30,0.8130086085960396,12,0,0,0,0,0.03685543747643494,1
0,0,32,161,27,2653,40,0.9248137050172468,5,1,0,0,0,0.37975065819183995,1
1,0,39,69,19,2051,40,0.8712284442877221,8,0,0,1,0,1.1076468812674511,1
1,1,20,1041,4005,4784,1720,0.25942368965765106,3168,6,0,0,1,14.243514198543263,0
1,1,72,1343,159,199,2015,0.4613094488955657,154,17,0,0,1,2.2421280946914033,0
1,1,67,1673,2509,1150,5579,0.2619643257079376,2859,9,1,0,1,8.515420274343134,0
1,1,52,624,818,1357,1638,0.4735805354330873,119,5,0,0,0,1.2374926627646885,0
0,1,20,250,97,4311,1,0.8793170695767593,3,1,0,1,1,0.56770905721729,1
0,0,17,12,89,3617,33,0.7386245194898932,12,0,0,0,1,1.2558007789818155,1
0,1,25,287,4,2453,9,0.7635266051996434,10,1,0,0,0,1.9673578505268272,1
1,0,21,70,95,2014,38,0.9169214908149006,9,1,0,1,0,0.02921799421776572,1
1,1,24,1054,953,1147,4882,0.3049732930277261,4557,12,0,0,1,0.6576511923352122,0
0,0,0,175,83,4533,3,0.8151516649134938,3,1,0,0,0,1.0991673134442872,1
1,1,83,2247,4033,6588,6939,0.3263452294238478,1812,0,0,0,1,9.088474127792898,0
1,1,132,2068,4140,7108,3424,0.3547768042442522,2956,2,0,0,1,15.639864779431011,0
1,0,153,3158,9523,12491,4961,0.2931577746394395,2826,11,0,0,1,1.2449542832691256,0
1,0,0,283,8,706,14,0.7332672462435493,12,0,0,0,0,0.6287119621526533,1
1,1,152,2675,3624,3734,1188,0.21197493187676267,3422,14,0,0,0,15.183141537274278,0
1,1,20,144,68,4991,24,0.8661109157037402,3,0,0,1,1,0.18241220609738074,1
1,0,35,57,51,731,22,0.7353917450884184,6,1,0,1,0,0.2011254641668887,1
1,0,108,3227,947,1017,4612,0.43617710021840805,4230,6,0,0,1,6.202094135742835,0
1,0,19,91,81,3508,49,0.9706709210386715,12,1,0,0,0,0.44170556592601784,1
1,0,0,253,12,3350,10,0.8081280481424458,18,1,0,1,0,1.3086840109854394,1
1,1,108,1680,93,180,1016,0.38030346697588635,1810,11,0,0,1,4.667935110191878,0
0,0,147,3321,9661,10866,3484,0.16227703910237318,1944,3,0,0,0,1.7998666815544688,0
1,1,43,2950,9316,9471,9216,0.19344990545942664,3102,3,0,1,1,7.908523673759283,0
1,1,26,2962,6679,9267,9367,0.4210258137394497,3517,11,1,1,0,1.7849333551324331,0
1,0,104,2984,7820,5513,5874,0.25926197783391003,846,15,0,0,0,19.21166545876678,0
0,0,15,292,80,3036,23,0.7477075011220784,14,1,0,0,1,0.2440609886436973,1
1,1,130,3281,2180,4271,3329,0.1832927234432858,1716,8,0,0,0,10.333137485464114,0
1,0,33,332,41,4016,12,0.9138333028650493,15,1,0,1,0,1.199542629940996,1
0,0,38,178,62,2712,40,0.7923622375823102,16,0,0,1,1,1.8649778471796037,1
0,0,5,25,78,4723,31,0.8782872251685324,13,1,0,1,0,1.2816526293804125,1
1,1,126,1812,4229,8425,4983,0.14021214347673439,716,11,0,0,1,14.226750192892702,0
1,1,126,828,4142,8054,6068,0.4580135435413748,2231,10,0,0,1,11.66195065637142,0
1,1,74,2273,6522,7330,2331,0.20126085019584697,1611,16,0,0,1,10.135451952254776,0
1,1,123,1462,3160,1314,4519,0.31995076846248416,333,14,1,0,1,10.63385810743235,0
1,1,115,3251,615,630,5509,0.2744166331651801,351,18,0,0,1,6.871450718308739,0
1,1,0,40,79,1139,44,0.7006229552800243,4,1,0,1,1,1.138609968824404,1
1,0,44,143,85,743,41,0.850345899754603,16,1,0,1,0,1.3486076128180968,1
1,1,0,151,65,2908,20,0.8038965305767011,8,0,0,1,0,0.8944050810096713,1
1,1,134,2165,2974,3283,7943,0.33589161443058635,2318,15,1,0,1,11.874991744776091,0
1,0,29,2425,7464,7826,5269,0.12020809066893388,4517,16,0,0,1,3.4129986620389445,0
1,1,147,3119,5297,1517,8946,0.4548426050074682,139,12,0,0,1,10.179778972703142,0
1,1,36,3492,5091,2373,3729,0.4934389198955097,1727,2,0,0,1,1.598498917085176,0
1,1,0,251,2,2623,22,0.8378952458978717,17,0,0,1,0,0.13138423297931845,1
0,1,0,226,77,1271,28,0.882463413029934,12,1,0,1,0,0.11691597447375401,1
1,0,26,180,73,3935,30,0.7370202445616789,19,1,0,1,0,1.6783607899605972,1
0,1,16,316,83,4025,11,0.7498102940248585,15,0,0,1,1,0.33770841335537227,1
1,0,38,257,4,2860,19,0.8138075769767271,10,0,0,1,0,1.5635806596900588,1
1,1,152,2211,356,375,5371,0.15476752959826517,1451,12,0,0,1,10.970003597692282,0
1,1,76,2239,1775,3237,8953,0.31464300370550974,3464,4,0,0,0,1.105828539766898,0
1,0,0,172,1,3161,16,0.998644147211277,19,1,0,1,0,1.9233314719096264,1
1,0,98,2079,6870,10430,4191,0.15335544683730384,4224,6,0,0,1,8.86266004547945,0
0,0,12,89,13,2262,40,0.7899757334520954,8,1,0,0,1,1.754523525652359,1
1,1,73,1680,5952,10037,8629,0.464630754905221,4194,6,0,0,0,16.709293199253878,0
1,0,0,209,72,3056,5,0.9399156291894584,6,0,0,1,1,1.7196476707825519,1
1,0,6,45,78,1031,28,0.8677177854839806,2,0,0,0,1,1.2168178717600355,1
0,1,0,58,40,2681,10,0.7856877965686729,5,1,0,0,0,1.8829484750121308,1
0,0,40,261,64,4523,35,0.9909463135235634,14,0,0,0,0,0.3395158101750815,1
0,0,3,214,14,3291,20,0.8978888099184227,19,1,0,0,1,1.1203645167498237,1
1,0,8,214,24,4293,16,0.7119297894965708,5,1,0,1,0,0.939283549361418,1
0,1,11,181,2,3357,18,0.8706866449845552,0,1,0,1,0,0.8673886626407601,1
1,1,33,78,73,2849,12,0.837579383054152,2,1,0,1,0,1.7953493453559133,1
1,0,12,253,60,3439,23,0.7417740533782328,17,1,0,1,0,0.14183191897595848,1
1,1,82,1965,1130,783,3183,0.41950873164585145,1821,5,0,0,1,14.391683555221972,0
1,1,32,2918,9704,6327,3635,0.2594263846400216,2440,1,0,0,0,13.075673315365881,0
1,0,108,1798,908,667,1713,0.2412551173124706,2890,3,0,0,1,6.917009629355624,0
1,1,98,972,3786,448,4152,0.37140682779376577,321,14,0,0,1,10.96415395484213,0
1,1,26,2403,2884,1806,8360,0.11977897467173891,4009,7,0,0,0,5.306319236746356,0
1,0,26,192,69,1074,8,0.9599316002582936,15,0,0,1,0,1.476898418502653,1
1,1,138,2475,4267,767,2596,0.3619082854408353,3548,4,0,0,0,17.18505145082646,0
1,0,23,211,24,3388,0,0.7982262876200343,0,1,0,0,1,0.7694651530148899,1
1,1,139,991,8450,12912,4108,0.4815683215386889,821,3,0,0,1,4.517462609850644,0
1,1,102,3405,5783,9700,4464,0.13604545317365782,1527,5,0,0,1,5.81487610190031,0
1,0,82,1699,7546,8698,3276,0.4190169915946639,4404,18,0,0,1,13.281342401624501,0
1,1,132,770,5351,7229,3096,0.43489599980618376,3644,9,0,0,0,3.7368919831649423,0
1,1,0,91,97,766,44,0.8375399273707773,10,0,0,0,1,0.5515351365027139,1
1,1,78,1552,6055,5990,4411,0.17028609833473035,706,6,0,0,0,16.59013007539767,0
1,1,141,3061,2613,4787,7421,0.3024924144363521,108,12,0,0,0,2.8716463682618376,0
1,1,24,1916,4112,5492,7113,0.3510224095482586,1329,19,0,0,1,9.930375631657492,0
0,1,87,1222,7691,13543,8812,0.386225130932893,3446,12,0,0,1,17.737956648988142,0
1,1,37,1596,7295,5730,3306,0.2123533092270399,2619,4,0,0,1,2.4545216244375787,0
1,1,46,3013,6626,7413,1817,0.4030193572533486,920,2,0,0,1,18.68265757835834,0
1,1,67,2973,8733,8088,6683,0.47612472037110065,1811,7,0,0,0,11.28041502170298,0
1,1,83,2608,2717,3649,8709,0.16986002618214724,617,11,0,0,0,11.78241429756252,0
1,0,35,22,65,3743,5,0.8398348877975467,15,0,0,1,0,0.4409752788294985,1
1,1,68,1085,4572,2831,7799,0.14776025683052546,2014,1,0,0,0,13.083950850175674,0
1,1,92,2891,4967,6193,6804,0.1654464816553105,4321,13,0,0,0,3.0702331829852474,0
1,1,0,114,15,3562,18,0.8883980147812294,19,1,0,0,0,0.03959131669450877,1
1,1,150,2575,1188,886,3859,0.448881811599558,2476,3,0,0,1,2.56162892840713,0
0,0,7,2,13,3857,48,0.9693865648555058,11,0,0,1,0,0.8934529374052811,1
0,1,29,69,8,4501,37,0.9785666598682408,9,1,0,1,0,0.13211061564432014,1
0,0,22,32,10,1228,32,0.9857945914116151,8,1,0,1,1,0.2918441480702909,1
1,1,103,425,4453,7338,7081,0.12379206524335583,3997,17,0,0,1,17.094573452546356,0
0,0,5,147,8,1318,12,0.8267153566552917,5,1,0,1,0,0.23204536269633858,1
1,1,147,1886,1275,1720,5188,0.4704570533051724,1435,1,0,0,1,10.277231332608824,0
1,0,113,3242,4995,5682,5490,0.17957191191801536,607,5,0,0,0,3.7656745657258286,0
1,1,91,592,6868,2428,2831,0.10520408537034909,1113,6,0,0,1,0.9756243656468864,0
1,0,14,342,42,2758,7,0.737664936969543,9,1,0,0,0,1.1711274575866037,1
1,1,137,3620,5099,5966,5969,0.2078246773009838,4768,6,0,0,0,16.388444031899972,0
1,1,76,2722,8426,13217,5815,0.24803571202798835,4936,16,0,0,1,3.421843616665378,0
0,0,45,217,54,4618,20,0.9139138151902956,12,0,0,1,1,1.901545415462676,1
1,0,93,2763,3773,242,5162,0.15042217254428136,3745,13,0,0,1,13.895572607016048,0
1,1,81,2732,7392,5620,1841,0.2644595729360555,3796,10,0,0,1,16.72716784771781,0
1,1,34,106,14,2026,38,0.8687665603819141,8,1,0,1,0,0.9787850748131774,1
1,1,49,1996,2800,874,6207,0.4810691465996303,1536,19,0,1,0,15.951620119496866,0
0,1,43,232,50,4155,17,0.7950827865301844,19,0,0,1,0,1.7173962424891478,1
1,1,47,1936,1686,2519,931,0.4732543473624875,2175,6,0,0,0,8.239782517740558,0
0,1,143,2122,8726,11299,9962,0.3454831878174989,1201,11,0,0,0,13.31381736169483,0
0,1,0,290,76,2682,3,0.9931839797699342,2,0,0,1,0,1.9703491101813495,1
1,0,0,326,56,2173,39,0.7678375993749016,5,0,0,1,0,0.002947644172622832,1
1,0,109,2867,1068,1871,6955,0.2884690237512567,4884,16,0,0,0,5.1264600913141765,0
1,1,23,2013,3463,1169,3181,0.31755116846444703,2157,2,0,0,1,19.378188609919274,0
1,0,150,2461,7666,1782,2560,0.48649029028232815,3962,16,0,0,1,1.291421386626554,0
1,0,0,133,73,2568,49,0.9645071835530524,12,0,0,1,0,0.5783748925918997,1
1,0,43,46,52,1099,15,0.7170644193332939,19,1,0,1,1,1.3522100516287037,1
1,1,46,155,38,1404,20,0.7038721683942976,0,0,0,0,0,1.287913158895227,1
1,0,49,264,25,4708,39,0.788385818903858,6,0,0,1,1,1.4809522639070383,1
1,1,83,2155,7449,8268,3028,0.2235168119202384,1138,1,0,0,1,2.7630424579990938,0
1,1,52,2822,2758,1597,1479,0.2984703704404461,3820,14,0,0,0,1.5010202408117128,0
1,0,46,80,55,3809,22,0.7151522177148419,5,1,0,1,0,0.944496997890317,1
1,0,41,323,10,1975,16,0.9185112563018938,4,1,0,1,1,1.8935124893844815,1
1,1,34,3173,2113,4165,8114,0.29736268016535805,1653,10,0,0,0,19.686653332776842,0
1,1,105,2238,954,672,2746,0.33190658297370923,2339,10,0,0,0,7.2977481541354905,0
1,1,86,3008,2037,2093,3351,0.32777307323794186,1766,9,0,0,1,8.443418826774273,0
1,1,89,3434,2405,1772,2936,0.4514790335304304,3694,7,0,0,1,5.44771938941379,0
1,0,150,2157,7071,1834,7315,0.24755163666371025,3992,13,0,0,0,11.322861222003176,0
1,1,63,2308,8333,13846,4637,0.1329733088075963,2770,15,0,0,0,15.170535970568757,0
1,1,26,3055,2536,4114,7492,0.4635296123875188,3457,14,0,0,1,0.8297413584991582,0
1,1,90,3569,65,123,9186,0.25009856343762016,463,15,0,0,1,4.182968641875661,0
1,1,48,2395,5291,1882,6047,0.4934927415988024,1829,18,1,0,1,1.2824300950896852,0
1,1,101,2333,1992,3070,7913,0.44299410149448815,841,5,0,0,1,3.9626540513165445,0
1,1,157,1285,418,788,1569,0.3152378656484445,3672,13,0,0,0,9.483887341291371,0
1,1,29,724,7568,8623,6137,0.387606861804774,1148,19,0,0,1,16.928321744930514,0
1,1,86,1115,8830,6705,3086,0.3326355351399022,2274,19,0,0,1,5.5386566334722165,0
1,1,137,957,8051,7219,9897,0.43743477823741606,3427,13,0,0,0,18.174633906062105,0
0,1,0,227,53,4693,46,0.9862260809618899,4,1,0,0,0,0.5245280885996502,1
0,1,29,157,97,3776,14,0.7179149466912668,11,1,0,1,1,0.4783175555644861,1
1,1,35,1314,2931,4622,6285,0.3653450443825972,327,3,0,0,0,3.848344784986919,0
1,0,0,139,51,4994,18,0.8984111833211244,18,0,0,1,0,1.6610689128096798,1
1,0,43,3535,8574,455,9818,0.42021444205069913,78,2,0,0,0,18.53875885071757,0
0,1,15,217,85,4992,18,0.8167605036202489,11,0,0,1,0,0.6386272751808297,1
1,1,103,635,1699,2391,8505,0.4732771668196073,3912,18,0,0,0,17.580693932630997,0
1,1,0,38,45,4783,44,0.7278971919469396,6,1,0,1,1,0.2082747158405749,1
1,0,38,2016,9834,11319,9499,0.159240319450851,3131,15,0,0,1,14.4305574597272,0
1,1,45,3464,6121,11147,6130,0.37156120834388273,3317,10,0,0,1,9.186444423233212,0
1,1,117,1716,6677,4080,4602,0.23510239485289164,743,19,0,0,1,6.732553447407389,0
1,1,149,2427,2723,1354,3788,0.2773013765899849,4180,1,0,1,1,7.401160510630432,0
1,1,109,3444,3066,5611,2358,0.13626483540373535,3791,8,0,0,0,1.7260777512325087,0
1,1,46,1859,7197,192,8600,0.2677551326078744,2042,19,0,0,1,18.0482360954161,0
1,0,46,61,42,1306,45,0.8802395339326594,12,1,0,0,1,0.4633434027668868,1
1,1,159,1996,6272,11466,8693,0.41893472225998507,4663,11,0,0,0,9.003374364276596,0
0,0,5,134,6,4563,31,0.7879925832341694,0,0,0,1,0,0.7434785898126606,1
1,1,23,1699,2143,421,5798,0.12402926734199299,4097,9,0,0,0,18.135828012080573,0
0,1,50,839,8178,14836,704,0.21328763352386698,4966,16,0,0,1,3.519407195625371,0
1,1,147,2915,4917,5419,6786,0.20880102949239587,4637,9,0,0,1,8.504844016292953,0
0,0,8,244,53,4879,34,0.7401086963198308,13,1,0,1,1,1.353234467105013,1
1,1,73,2142,7827,9596,7590,0.24007460973278444,3039,1,0,0,1,9.96270147568112,0
1,0,98,1894,6562,2403,3781,0.33604656893778834,4424,16,0,0,1,1.7114525290418667,0
0,0,8,109,11,3811,32,0.9471371152663884,6,1,0,1,0,1.272802740366814,1
0,1,24,155,31,4706,8,0.8246329001776269,19,1,0,1,0,0.19684837820273748,1
1,1,158,2925,4725,5005,8984,0.2972072833926013,1410,7,0,0,0,17.751162206590323,0
0,1,41,232,84,4060,0,0.8063131548958405,18,1,0,1,1,1.1780401819618231,1
1,1,34,1099,8886,9934,2260,0.33676576176762807,3799,10,0,0,1,8.18256766388625,0
1,1,137,2076,2949,774,1539,0.2916865029734065,3680,13,0,0,1,9.958903718481888,0
1,0,0,51,84,3489,43,0.7705111644411475,10,0,0,1,0,1.1659688523292049,1
0,0,18,310,92,661,9,0.9684482051282947,13,0,0,1,0,0.3919657248382904,1
1,1,115,1182,2989,1396,7174,0.20087279272770778,4836,3,0,0,1,3.7247232975071256,0
1,1,132,2712,8293,771,877,0.346501616228325,3072,4,0,0,0,11.308863764035074,0
1,1,124,1139,4772,5955,7638,0.3794627920324961,1880,5,0,1,1,10.366328478890058,0
1,0,147,1744,1695,247,9680,0.2782919283611477,451,11,0,0,0,12.0209095604624,0
1,0,22,2271,7470,2711,5791,0.3417955929033838,1038,6,0,0,0,17.94465853034395,0
1,1,61,2791,7687,3893,7473,0.2609041654734168,2377,7,0,0,1,7.338840865845643,0
1,1,75,3109,1456,518,4283,0.4827258682363511,4360,12,0,0,1,19.914281935168365,0
1,0,119,3121,806,1594,5840,0.4909691790854992,951,0,0,0,1,7.507110315057851,0
0,1,40,267,55,3182,27,0.8430030484991105,2,0,0,1,0,0.658102730739742,1
1,1,105,2193,6890,8595,863,0.10036233409843609,865,15,0,0,0,7.908060185292728,0
1,1,66,905,5447,176,3167,0.4711165917501262,725,12,0,0,1,0.8517392353405668,0
1,0,132,529,3827,1696,9919,0.3076086774314223,3858,0,0,0,1,7.0150407156879835,0
0,1,0,164,12,3839,36,0.7717199152225088,8,1,0,1,0,1.8633959473623376,1
1,1,61,1040,776,972,382,0.37754526475029293,2931,8,0,1,1,4.089975805538661,0
1,1,46,83,16,2548,44,0.881852390335264,0,0,0,1,0,0.5373449640506147,1
1,1,25,43,43,4880,12,0.7643767359125122,13,1,0,0,0,0.673108429777453,1
1,1,30,1526,6110,5587,3614,0.375704654186382,2818,16,0,0,1,5.419439711748311,0
1,0,59,471,5823,10869,3254,0.33191193702776634,4103,1,0,0,1,15.681995027161811,0
1,0,2,76,45,1026,40,0.802244709936954,19,0,0,0,1,0.8904922245695763,1
0,1,42,281,35,1214,14,0.7591462379718632,12,1,0,0,0,1.2347035148259484,1
1,0,35,319,18,4175,25,0.7076052230246372,8,1,0,1,0,0.3128740853421721,1
1,0,131,3050,2842,3000,9528,0.4473295854601472,4150,6,0,0,1,1.4985238092114168,0
1,0,44,264,81,1535,30,0.785282227878255,17,1,0,1,0,1.4972904682524,1
1,0,0,75,70,4576,1,0.9788948823103985,19,0,0,0,0,1.1079589744401612,1
1,1,100,1026,5701,1008,6639,0.1846867113847863,2361,17,0,0,0,8.245936826541534,0
1,0,4,93,44,1446,37,0.8161823234274523,14,0,0,1,0,0.12289258026157501,1
1,0,10,19,66,948,28,0.850033825622988,18,0,0,1,0,1.0650081328319636,1
1,0,37,272,49,3181,48,0.7412085237906022,15,1,0,0,1,1.3215970593818207,1
1,1,50,2257,5997,9189,3524,0.3613158163605451,1308,10,0,1,1,14.447708108930264,0
1,1,0,279,42,4729,46,0.9186358666769727,17,1,0,1,0,0.15351612377747603,1
1,1,124,910,6381,6623,8211,0.32571340069337273,4888,9,0,0,0,9.614053041234547,0
0,0,40,351,12,1387,15,0.8377911064639221,1,1,0,1,0,1.1455210659101736,1
1,0,0,293,67,4645,23,0.9467842955541035,6,1,0,1,1,0.29940793591391546,1
0,0,0,172,1,2560,39,0.9429623337563904,0,0,0,1,1,1.1912774812156885,1
1,1,11,147,99,945,28,0.9375979100217129,3,1,0,0,0,1.8177308126380072,1
0,0,71,831,1552,698,9283,0.19984988176423335,3091,0,0,1,1,18.699923672768772,0
0,1,40,76,90,2363,24,0.9068580253094684,0,0,0,0,0,0.787728811308317,1
1,1,49,1478,9711,10690,6312,0.35582153055092447,3173,13,0,0,1,9.719687050198132,0
1,1,149,1757,9039,6889,777,0.10029908334821243,4803,8,0,0,1,5.293462446940206,0
1,1,149,820,4797,3024,7898,0.16197671413517437,1578,0,0,0,1,14.703530628964284,0
1,1,37,533,601,809,2046,0.43582668259016877,303,8,0,0,0,8.625818945020981,0
1,0,34,267,13,1814,20,0.7559214960364432,18,0,0,1,1,0.6323931645929892,1
1,1,67,943,378,320,9479,0.23837980714528118,3341,11,0,0,0,8.619647317767447,0
0,1,12,98,69,2430,47,0.9395035374953653,8,1,0,1,0,1.7167176096274397,1
1,1,7,42,12,3172,40,0.7306448588972614,8,0,0,1,0,0.5093412440921024,1
1,0,31,317,38,3572,2,0.8750106295291479,16,0,0,1,0,1.9264450788812226,1
0,0,0,156,1,2897,12,0.8401782988022508,4,0,0,1,0,1.4845975134678886,1
1,1,25,210,40,4925,9,0.7787411755363793,15,0,0,0,1,0.5947230626169446,1
1,0,0,8,31,1187,42,0.7939485984451846,5,1,0,0,1,1.6072070708830704,1
1,0,106,1018,2122,1769,7228,0.1493854294922944,3949,10,0,0,0,13.518233414873084,0
1,0,0,224,21,4663,4,0.7462435129535461,16,0,0,1,1,1.6672999238751711,1
1,1,120,932,4536,2279,2119,0.3578689144289138,2370,14,1,0,1,16.59376505441576,0
1,0,41,155,92,1171,49,0.880580618662288,18,0,0,1,0,0.695238428965367,1
1,0,54,852,2575,3332,3844,0.23215237373185504,3515,13,0,0,0,19.426701323220442,0
1,0,26,108,75,4506,25,0.9368476895272158,7,0,0,1,0,0.8470958319837927,1
1,1,34,2030,6816,9430,8751,0.3018957901521407,4470,2,0,0,1,4.34020300509697,0
1,1,106,3064,2627,2836,4929,0.32495135215376086,3143,11,0,0,1,19.14679613945851,0
1,1,44,2646,5964,10016,7311,0.37564363259472966,3769,15,0,0,1,2.7427132681479076,0
1,1,18,136,72,749,36,0.8563219571525164,6,1,0,1,0,1.3423149467593773,1
1,1,82,1755,4599,6165,2279,0.14125870435134444,3681,18,0,0,0,8.344746222488215,0
1,1,0,101,26,3436,28,0.8442670439809027,12,0,0,0,0,0.7956732510043139,1
1,1,99,479,1551,1513,4506,0.18805169767901067,1091,15,0,0,1,14.245767088261054,0
0,1,0,33,70,4139,40,0.9295948898576158,18,1,0,0,0,0.6206142315833949,1
1,0,13,57,4,3981,29,0.7191639302292708,18,0,0,0,0,0.20473416916641862,1
1,1,27,2486,4664,7683,7924,0.45469375677836177,4778,15,0,0,0,19.412881166694383,0
1,1,49,1398,1345,2333,1720,0.2621615843403696,2932,8,0,0,1,1.8358044551519344,0
1,1,159,924,3882,4574,3931,0.15024508140812085,128,0,0,0,1,0.9132488014431288,0
0,0,6,289,12,4265,6,0.8896846460912919,13,0,0,1,1,0.2027457951063183,1
1,1,27,348,27,1271,21,0.936025100546331,2,1,0,0,0,0.9457942656218097,1
0,0,47,119,61,869,9,0.9396142574963724,11,0,0,1,0,1.164845316414493,1
1,1,104,1585,7330,11117,3945,0.34724118622467876,3242,12,0,0,0,4.270115055435017,0
1,0,25,1289,7681,884,5791,0.466377201581621,3246,16,0,0,1,13.916595119563635,0
0,0,0,146,63,1764,23,0.8564131064421223,0,1,0,0,0,0.24339061345334456,1
1,1,132,1981,4326,1345,8345,0.12090746702463862,2446,0,0,0,1,6.31978789238133,0
1,0,8,197,29,703,3,0.880973626805209,8,1,0,1,0,1.0303340567731776,1
1,1,26,585,8616,6296,4689,0.2914334929731094,329,14,0,0,1,16.436555745256697,0
1,1,61,1095,7780,156,2343,0.423186275704303,1336,15,0,0,1,7.596038426658984,0
1,1,13,22,89,3691,17,0.9614610418457128,14,0,0,1,0,1.1887917184570906,1
1,1,65,2178,182,291,9835,0.38913568156008493,2788,13,0,0,1,9.942156217279011,0
1,0,0,343,15,3766,47,0.7605525506091274,13,0,0,0,1,1.5556224889169015,1
1,0,0,277,32,3885,21,0.7021198915659151,16,0,0,1,0,0.5842892970704363,1
0,1,34,2719,7933,4155,7889,0.4305076599450325,3823,18,1,0,1,15.449141970902481,0
1,1,149,3017,6523,12949,4418,0.16740823685750375,1306,14,0,0,1,18.319027058819263,0
1,1,100,1174,441,303,8147,0.32457535117324976,3788,15,0,1,1,11.201207255628727,0
1,1,29,303,68,4094,41,0.9475321994267979,2,0,0,0,1,0.6903842897625512,1
0,1,17,59,38,682,40,0.7089004669194219,10,1,0,1,0,0.549463051039039,1
1,1,49,36,81,2643,23,0.9601349821629166,4,1,0,1,1,1.5090857481693647,1
1,1,105,3076,3116,2437,1391,0.4053140760812637,1450,12,0,0,0,15.221333903087414,0
1,1,87,2704,5541,11031,7733,0.24162582494203766,1607,1,0,0,1,5.688976686477518,0
1,0,0,179,0,2051,43,0.8320213225199495,7,1,0,1,1,1.8695910349855667,1
1,1,22,296,88,3613,18,0.9055523539833341,18,1,0,1,0,0.6360792233890398,1
1,1,43,217,95,3488,35,0.8843457332534894,5,0,0,0,1,0.1633345517201925,1
1,0,19,301,97,630,36,0.85907953979047,11,0,0,1,0,1.581446329677927,1
0,1,37,166,98,2528,15,0.8087679389677284,14,0,0,1,0,0.16937668375061365,1
1,1,51,407,4026,2016,9666,0.44847481854012716,4704,13,0,0,1,3.231258907499261,0
1,1,108,2508,1391,993,2903,0.38857966284382883,2076,9,0,0,1,11.461822699637908,0
0,1,0,364,56,4566,29,0.9257193646911364,17,1,0,1,0,1.4629929280862781,1
1,1,137,3441,875,543,7619,0.11654975298690395,4785,17,0,0,1,2.836582794830711,0
0,0,25,135,99,4902,8,0.8640889754114164,7,0,0,1,0,0.41418983635314244,1
1,0,0,225,0,3974,1,0.8592803749951409,5,1,0,1,0,0.7393089121228089,1
1,0,49,278,1,4626,10,0.8690225093451562,4,1,0,1,0,0.28815757202639913,1
1,1,151,2255,6614,4577,2285,0.10195378640810078,2367,5,0,0,1,13.357469051937457,0
1,0,0,215,68,3624,31,0.9511711654665453,6,1,0,0,0,0.3267335167968404,1
1,1,1,100,58,3055,1,0.9598286900835075,0,0,0,0,0,1.8894725175661593,1
1,0,0,19,22,2960,29,0.9619968747582424,14,0,0,1,0,0.9231149488395798,1
1,1,121,3051,4339,2472,6934,0.3693565916119341,933,6,0,0,1,2.143275904024928,0
1,1,83,1240,1002,428,6096,0.4385105818678502,1087,18,0,0,1,4.888287781361887,0
1,1,159,419,4289,1546,9732,0.21656605547041946,4225,15,0,0,1,0.7489258170989985,0
1,1,138,2007,9634,3198,8197,0.44409912439098587,111,5,0,1,1,5.935738089638269,0
1,0,0,176,16,1792,1,0.7376930477236942,6,1,0,0,0,0.8222886729599741,1
1,1,35,1406,4433,235,2125,0.13103823279045962,2940,5,0,0,1,12.660705972296652,0
1,0,124,2907,6956,8038,4241,0.40982883326974595,1886,12,0,0,1,10.262080880511654,0
1,1,136,3431,1571,2779,5366,0.3133579566027218,1471,6,0,0,0,18.16678843765944,0
1,1,25,288,27,777,40,0.7614943628580448,11,0,0,0,0,1.5626437114946101,1
1,1,141,2525,9900,19545,6561,0.2996679333050647,3239,2,0,0,1,13.976564466050098,0
1,0,141,723,8703,7869,6589,0.4249824709675617,3584,19,0,0,1,2.2355619706622534,0
1,1,38,2788,8495,11867,8171,0.2258350533656266,2958,8,0,0,0,4.195621343128847,0
1,1,63,497,805,154,4160,0.3753323049330708,3662,18,0,1,1,3.6519350287995405,0
1,0,30,154,4,726,27,0.9574531159471491,19,1,0,1,1,0.6287002263674968,1
1,1,38,570,310,139,5919,0.2986199254407325,3228,7,0,0,0,17.180459161033614,0
1,1,158,1427,6305,4519,8060,0.23525599539352338,1487,12,0,0,0,10.643567246781677,0
1,1,45,329,16,4878,46,0.8602419088407092,3,0,0,1,1,0.575022398767518,1
1,1,112,3012,9604,9724,6847,0.29688647331498674,4380,5,0,0,1,12.376064421784859,0
1,1,101,1776,1587,239,640,0.27205709283873053,3510,16,0,0,1,19.080270588826394,0
0,0,3,289,52,3209,20,0.7458577417552996,15,1,0,1,0,1.6117297734822869,1
0,0,0,184,54,872,12,0.8041576502686636,8,0,0,1,1,1.359409557153668,1
1,1,62,2245,6059,1494,8390,0.4568235440838776,471,2,1,0,1,8.822412257781428,0
1,1,59,3475,7298,8215,387,0.24879790391566475,2042,13,1,0,0,6.400546976950258,0
1,0,93,2156,3115,3627,4643,0.4909700166757687,890,6,0,0,0,8.8092479372002,0
1,1,0,93,70,4324,2,0.8177374558688439,2,0,0,1,0,0.7142423186010056,1
1,0,33,17,43,1743,29,0.9861785731007762,5,0,0,1,1,0.6615006093410274,1
0,0,0,52,14,3655,2,0.9955911496861856,7,1,0,1,0,1.5965863944183734,1
0,0,39,151,15,1489,3,0.9515826662601887,9,0,0,0,0,0.6036187393253873,1
0,0,0,220,80,1746,7,0.9307669443514401,8,1,0,1,0,0.510826969370439,1
1,0,0,93,72,3462,27,0.8839875054662137,8,1,0,1,0,1.3079881846796024,1
1,1,72,1469,5204,1739,9684,0.3316290110743978,753,4,0,0,1,3.3927833269199636,0
1,1,31,338,57,1598,22,0.8862785702435293,16,0,0,1,1,0.5079497491440494,1
0,0,21,171,81,2271,37,0.764899833289248,0,1,0,0,1,1.6526816219003735,1
1,1,33,1568,9821,12167,2923,0.35049792910521316,2113,9,0,0,1,7.163381647162923,0
0,1,31,312,67,3606,2,0.7506575390111184,7,0,0,1,0,1.6981960399173521,1
1,0,36,133,17,1897,36,0.830504378302067,9,0,0,0,0,1.5900230738569407,1
1,1,6,363,49,2902,31,0.9250085236426573,5,1,0,1,0,0.43391249172775903,1
1,1,98,824,9026,14496,2516,0.27441931918903517,4691,5,0,0,1,10.213528646587617,0
0,1,21,143,75,2249,49,0.9003281774809458,13,1,0,0,0,0.04993244424011434,1
0,1,96,2036,8105,9374,1828,0.4013251727517029,2192,8,0,0,1,15.668615257969105,0
1,0,2,102,18,4053,17,0.9633673477123983,18,0,0,1,0,1.088978195921699,1
1,0,150,943,1334,2310,9330,0.29296944063789154,3982,6,0,0,1,14.520319758638045,0
1,1,45,2887,4587,4823,7572,0.4320731866470776,3634,15,0,0,1,16.664132878263736,0
1,1,0,124,78,4633,7,0.908714287854925,15,1,0,1,1,0.21893772010890777,1
1,1,0,212,19,3644,38,0.9618578264696993,18,1,0,0,1,1.347403467084313,1
0,1,35,172,50,4049,37,0.8770692000607261,18,0,0,0,1,0.2736372618379228,1
1,0,23,228,84,3257,0,0.7627111112157766,11,1,0,1,1,0.9005536208831815,1
0,0,35,252,98,2461,17,0.9975088220117355,0,0,0,1,1,0.9056274284218335,1
0,0,48,344,58,4150,10,0.7407367141191811,13,1,0,1,0,0.7908685359858287,1
0,0,39,177,89,3651,46,0.91520882591091,3,1,0,1,0,1.9334122800369211,1
0,1,14,318,59,4976,46,0.8778755199495345,6,0,0,1,0,1.3042464910608758,1
1,1,33,621,3727,1821,1523,0.10606967961856868,3040,11,0,0,1,7.087432344770499,0
0,0,48,51,53,3854,26,0.9384433910624945,0,1,0,1,1,0.46037053648311055,1
1,1,105,497,6397,364,9977,0.2616593727108225,1710,9,0,0,1,14.31927635098215,0
1,0,0,51,28,4033,39,0.9521318895941269,10,0,0,0,0,0.3310410207345795,1
0,0,37,79,31,3494,10,0.9049886129819515,1,1,0,1,1,0.20438723938743797,1
0,0,10,57,7,701,16,0.7309364087224227,4,1,0,1,1,1.4091088560548906,1
1,1,107,448,8085,14481,6683,0.1260799066824602,1592,12,0,1,0,12.6859881608749,0
0,0,0,120,96,2776,1,0.8191814418521379,8,1,0,1,0,1.9316646394366652,1
1,1,0,23,41,3219,42,0.768587548457477,6,0,0,0,0,1.5132716075698693,1
